review_id,review,local_guide_reviews,rating_score,service,meal_type,price_per_person_category,food_score,service_score,atmosphere_score,recommendations_list,date,avg_price_per_person,cleaned_review,vader_sentiment,sentiment_label,embedding,pca_cluster,umap_cluster
0,"Great experience, staff were very friendly and the food was tasty.",,5,,,,5,5,5,[''],2024-01-10,,great experience staff friendly food tasty,0.8074,positive,"[-9.24394354e-02 -2.41345942e-01  2.20344722e-01 -1.52619660e-01
  5.21836758e-01 -1.89026408e-02 -2.33298272e-01 -3.02320957e-01
 -1.23724923e-01  1.00717455e-01 -1.68042123e-01 -9.59446281e-02
  5.65466225e-01  3.48277450e-01 -1.15519509e-01 -1.85380027e-01
  2.78410554e-01  2.98288792e-01  3.14003855e-01  3.62216830e-01
  4.37758386e-01  1.91909358e-01 -8.13451767e-01  2.27403462e-01
 -1.99370444e-01 -2.64288276e-01 -7.62378812e-01 -2.53858715e-01
 -5.15923917e-01 -4.81334805e-01  3.55324388e-01  3.81898254e-01
 -1.72861606e-01  2.08665475e-01  1.58406988e-01  2.93606788e-01
  1.37616068e-01  2.92175054e-03  9.93425250e-02  1.10705644e-02
 -1.82218309e-02  1.10054702e-01 -3.25917631e-01  4.98696119e-02
  6.33574486e-01  1.08675517e-01  8.05480704e-02 -3.18926722e-02
  5.53307012e-02 -4.18744475e-01  3.70887399e-01 -2.50408113e-01
  7.68873811e-01 -2.28970289e-01 -3.55951697e-01  8.44376802e-01
  8.40631351e-02 -6.90768182e-01 -3.04869022e-02  7.85359383e-01
  2.26025358e-02  4.62843537e-01  4.14260849e-02 -5.51284365e-02
 -6.35186911e-01 -9.38651741e-01  7.83419535e-02 -1.85179889e-01
 -4.32316303e-01  8.57583582e-02  3.92046094e-01  3.19245785e-01
 -1.85248375e-01  4.98220235e-01 -3.41690660e-01  1.01183720e-01
  4.90999699e-01  3.28879356e-02 -9.15128708e-01 -1.38113767e-01
  6.67036653e-01  8.04284811e-02  2.79822886e-01  1.27361879e-01
 -7.75632560e-02 -1.87932014e-01 -7.74058886e-03  6.71498999e-02
 -3.91624868e-01 -5.04994728e-02 -2.91533947e-01 -1.63070127e-01
  1.97721139e-01  7.68113375e-01 -4.04153883e-01  6.63906813e-01
  4.48138446e-01  2.95890689e-01  2.68042117e-01  2.68555842e-02
  2.87570596e-01 -2.31122389e-01  2.86483288e-01 -4.89699006e-01
  3.07993919e-01 -2.29552135e-01  1.56995311e-01 -3.19097698e-01
  8.55884314e-01  3.28677624e-01  1.78170860e-01  1.54840335e-01
 -3.05210873e-02  1.52169634e-02 -1.74378395e-01 -4.17231768e-01
 -4.33061749e-01 -5.27509302e-02  7.48013481e-02 -4.21565950e-01
 -3.92710119e-01 -7.80626610e-02  2.76154369e-01  3.99556071e-01
  5.96305430e-01  9.29337647e-03 -5.30540049e-01 -7.49562606e-02
  2.22713441e-01  2.29706600e-01  6.03718698e-01 -3.47465456e-01
 -3.80711436e-01 -3.55472893e-01  2.45126516e-01 -2.02357978e-01
  2.79299393e-02  4.59173560e-01  7.01501593e-02  2.73751587e-01
 -5.87990582e-01  1.41897157e-01  5.48564672e-01 -3.07169318e-01
 -3.80906522e-01  7.33388439e-02  3.01231742e-01  1.04762971e+00
  2.49319933e-02 -3.26568961e-01  1.21400848e-01 -2.11130813e-01
  5.10897517e-01  2.61718035e-01 -2.99452722e-01 -1.88586470e-02
  2.38081768e-01 -3.65994602e-01  1.74698576e-01  5.87973356e-01
  6.77838326e-01  2.39084989e-01 -6.90801442e-03  1.07312822e+00
  1.10040322e-01  1.68582667e-02 -4.67628956e-01  2.25668907e-01
 -5.16281068e-01 -1.47064822e-02 -4.26559567e-01 -4.79634225e-01
 -6.38038754e-01 -3.32117528e-01  3.47586453e-01 -9.39359143e-02
 -9.22606513e-02  3.32574397e-01  6.21252656e-02  1.64519802e-01
 -4.76463109e-01  1.67797267e-01  1.89638481e-01 -2.25713626e-01
  4.86993521e-01  6.99289322e-01  6.90727055e-01 -1.67541906e-01
 -6.42333150e-01 -6.71323657e-01  2.45217264e-01  1.85500920e-01
  6.96610689e-01 -2.61947453e-01  3.78466964e-01  6.24111712e-01
  9.66154218e-01  3.39920402e-01  1.12071648e-01  4.25482482e-01
 -3.50603938e-01  9.99780521e-02 -2.30811462e-01 -4.92510736e-01
 -3.38477671e-01  9.30612266e-01 -1.84867635e-01 -3.27705294e-01
 -7.39154965e-02  3.44524950e-01 -6.44027650e-01  2.30140045e-01
  1.18414707e-01  3.42726484e-02  3.96104723e-01  5.03498986e-02
  4.34032045e-02  1.87266588e-01 -1.09399572e-01  3.36003274e-01
  2.72060543e-01 -5.53831637e-01 -1.87236547e-01  1.50827780e-01
 -3.52626592e-01  1.83774054e-01  2.60541365e-02  8.41890797e-02
  5.37797630e-01 -5.83472908e-01  5.76176405e-01 -6.54516697e-01
  1.18505582e-01 -6.68320134e-02 -4.22396138e-02 -4.19165760e-01
  3.02676469e-01  3.78726125e-01  2.59849101e-01 -1.03695393e+00
 -5.44143142e-03 -2.28347123e-01 -2.22455710e-01 -5.00667989e-02
  8.68215933e-02 -4.48902667e-01 -2.14173555e-01  8.93201679e-02
  5.27855217e-01 -3.99738193e-01 -6.90357834e-02 -1.86468020e-01
 -4.95258600e-01 -1.58859193e-01  2.55753338e-01 -4.57095355e-01
 -2.76491195e-01  9.60644856e-02  3.31427306e-01 -5.69935501e-01
  6.42738581e-01  6.58653602e-02 -4.31827426e-01  2.25840837e-01
 -4.47461665e-01  1.70849994e-01  6.23159930e-02  2.04405695e-01
 -3.87262225e-01 -1.37604892e-01 -1.24713350e-02 -1.82892680e-01
  7.75806367e-01 -1.23481909e-02  3.53530310e-02  2.39071682e-01
 -2.49970406e-01  3.37487847e-01  1.27541319e-01  4.22707275e-02
  9.66752991e-02  3.91280979e-01  2.45391369e-01  4.95952398e-01
  1.99847534e-01  2.23823786e-01 -1.05929472e-01 -4.51291919e-01
 -1.54504240e-01 -5.06308973e-01 -4.54886019e-01 -5.14454842e-01
 -3.14527564e-02  2.25185715e-02 -1.00406155e-01  1.09291092e-01
 -3.67788434e-01 -2.51229376e-01 -4.86777633e-01 -4.56932858e-02
  5.45866191e-02  5.56237884e-02 -5.14088631e-01  2.20832050e-01
 -4.92482781e-01  4.44421858e-01  1.55153915e-01 -2.24055693e-01
  1.00855970e+00  1.34883195e-01 -1.03163862e+00  3.66701007e-01
 -4.40309376e-01 -1.56586260e-01 -2.06494913e-01 -9.27592907e-03
  2.73076117e-01  3.68013501e-01 -2.90282339e-01  2.85894066e-01
 -5.90717733e-01  1.01866893e-01 -8.74800161e-02  2.06504866e-01
  3.07558119e-01  3.62028033e-01 -4.32254404e-01 -3.37231338e-01
  6.10549569e-01  2.79315244e-02  6.61634579e-02  9.42277908e-01
 -3.55243564e-01  2.49666870e-01 -3.44045639e-01 -1.98500548e-02
 -1.61272496e-01 -4.98547405e-01  3.89829539e-02  5.38900271e-02
 -1.73260272e-01 -7.52277434e-01  4.60151672e-01  3.54712814e-01
 -2.77419448e-01 -1.21282496e-01  2.92936206e-01 -3.84667456e-01
  3.45399499e-01 -1.76165756e-02  5.23637347e-02 -1.48710674e-02
  9.99092907e-02 -2.40682766e-01  5.51161051e-01 -4.63142335e-01
 -4.59826618e-01  3.26433615e-03  6.63968623e-02  2.94429272e-01
  1.26460180e-01  1.38256893e-01 -3.16448957e-01 -2.23904669e-01
 -2.90236950e-01 -3.68046574e-02  6.13856837e-02 -4.23815906e-01
  5.01066707e-02  5.97559333e-01  6.52681470e-01  7.80297577e-01
 -6.19744837e-01 -1.11626434e+00  2.38758117e-01  3.18841875e-01
  1.17516346e-01 -7.91860342e-01  1.72301069e-01  5.17974854e-01
  9.11432147e-01  1.08120851e-01  4.29955006e-01 -7.72801340e-02
 -1.51416630e-01 -5.58529735e-01 -3.53067607e-01  1.79730713e-01
 -9.14439857e-02 -4.56444114e-01  3.04781288e-01  6.54239476e-01
 -5.46244502e-01 -3.11614513e-01  2.46590540e-01 -2.95169711e-01
 -2.60942489e-01  2.36809835e-01 -1.88617468e-01 -3.83471660e-02
  2.36093074e-01 -2.79125959e-01  2.21773565e-01  4.18475747e-01
 -7.78172791e-01  4.51447695e-01  4.01721358e-01  6.77957535e-01
 -3.31137300e-01 -4.30229306e-01 -1.54119894e-01 -3.41240242e-02
  1.50290743e-01  1.10809064e+00  2.27147758e-01  4.10265863e-01
 -6.70045197e-01 -2.42002562e-01 -3.03780317e-01 -2.50809699e-01
  1.12177759e-01 -1.94469631e-01 -1.70439750e-01 -1.37925255e+00
  7.69545510e-02 -3.20850104e-01 -1.01398006e-01 -1.53329419e-02
  1.20454812e-02 -2.93078452e-01 -4.99428868e-01  1.71804130e-01
  2.36750230e-01  1.87594473e-01  1.14928633e-01 -2.38108024e-01
 -3.74424696e-01  6.26939833e-01 -1.79827332e-01  2.40911886e-01
 -2.52209544e-01  6.43603623e-01 -7.72551656e-01  3.17878544e-01
 -3.36737633e-01  6.26632452e-01  4.81444001e-01 -1.01993412e-01
  5.80123663e-02  7.55627602e-02  4.59352344e-01 -1.13128769e+00
 -1.50643647e-01  6.47137873e-03  5.56971371e-01 -2.57627398e-01
 -6.46704912e-01  1.91006124e-01  1.75840065e-01 -6.43376827e-01
 -1.27650559e-01 -2.05897428e-02 -4.00430322e-01 -2.75405079e-01
 -5.23472466e-02 -1.49575055e-01  5.26670873e-01  1.40198767e-01
 -5.13368428e-01  1.90643549e-01 -6.49745047e-01  2.32872039e-01
 -1.87617362e-01  1.44646347e-01 -6.72360599e-01  2.71380126e-01
  2.86102593e-01  1.24248214e-01  2.86912560e-01  1.88232377e-01
  7.01702416e-01 -4.96343672e-01  1.95100293e-01 -3.27600807e-01
 -5.42099327e-02  5.35723805e-01  8.38475823e-02  5.87143898e-02
 -2.26679016e-02  1.93498209e-01  1.94800764e-01  2.02708811e-01
  5.11587337e-02 -1.08563638e+00 -2.79584557e-01  6.03940897e-02
  4.65789050e-01 -5.07456243e-01  2.94672877e-01 -4.83509332e-01
 -1.48910820e-01  4.80444491e-01 -2.16211498e-01 -9.31300670e-02
  1.61818713e-01 -1.30305335e-01 -3.80272835e-01  6.38411105e-01
 -5.74093401e-01  1.28112823e-01 -1.53878033e-02 -8.84026647e-01
  5.16602159e-01  2.16564357e-01  3.52160573e-01 -8.12806115e-02
 -1.20162643e-01 -6.06008410e-01 -1.03835195e-01  3.34941030e-01
  3.30300897e-01  1.27291024e-01  1.27685145e-01 -3.28035712e-01
 -5.20066023e-01 -2.11971387e-01  2.18480811e-01 -6.44402802e-01
 -1.16633130e-02 -4.04045135e-02  6.44616187e-02  2.90003449e-01
 -4.93533686e-02 -2.45420799e-01 -8.88968632e-02  6.07965827e-01
 -4.59237725e-01  1.37492239e-01 -4.02036577e-01  3.94628234e-02
  1.92053899e-01 -1.57629699e-01  2.61968374e-01  5.02559692e-02
  8.00971165e-02  7.23179817e-01  4.43397015e-02  1.10067576e-01
  2.02697381e-01 -7.98881054e-02 -4.39368337e-01  1.03369877e-01
  1.05476484e-01  4.48535234e-01 -2.82176703e-01  2.87538290e-01
 -6.06053807e-02  3.22486103e-01 -3.55823636e-01  3.98427606e-01
 -9.55766886e-02  5.03048241e-01 -2.18566328e-01 -2.25147218e-01
  2.78227180e-01 -2.65946686e-01 -2.17561379e-01  7.90468216e-01
 -2.26124495e-01 -1.57270417e-01 -1.67469069e-01 -3.31063084e-02
  2.56468475e-01  1.35284290e-01 -3.48015040e-01 -3.58499080e-01
 -6.70943201e-01  1.10041708e-01  1.33493841e-01 -4.60170001e-01
  3.12856019e-01 -5.39644778e-01 -2.46477470e-01 -7.08233342e-02
  3.06246698e-01 -4.85499740e-01 -5.04174650e-01  5.21804035e-01
  2.32122876e-02 -1.06577784e-01  3.68238688e-02  3.06797385e-01
 -6.24982789e-02 -3.78628850e-01 -3.60721856e-01  3.57530713e-01
  1.27866119e-01 -6.27357602e-01  3.23965132e-01  2.44491398e-01
  2.77467258e-02  3.41847949e-02  6.18316174e-01 -1.18841624e+00
 -2.80505508e-01  4.86649632e-01  6.16042197e-01 -7.64324367e-02
 -7.93097734e-01 -1.40147716e-01 -1.37369350e-01  3.77813339e-01
 -6.26473576e-02 -4.63601798e-01 -4.01439458e-01 -6.30494535e-01
 -1.05311763e+00  7.44675249e-02  6.60533667e-01  1.26815543e-01
  3.78005385e-01  2.05828309e-01 -3.67229074e-01 -5.87302595e-02
 -5.22852182e-01  7.58768737e-01  4.15520042e-01 -5.65995812e-01
  6.28660098e-02 -1.08646132e-01 -5.00748038e-01 -2.16359779e-01
  4.62043643e-01  1.56899109e-01  3.05343777e-01  2.07156390e-01
 -1.56214163e-01  3.16442966e-01  2.87542492e-01 -3.01256329e-01
 -6.47068620e-02  1.13187224e-01 -2.07122743e-01 -6.05767846e-01
 -6.04613945e-02 -5.72509289e-01 -5.68467677e-01  3.00507456e-01
 -1.17312455e+00  1.55825332e-01  8.98037493e-01 -3.12092662e-01
 -1.68015044e-02  9.26070730e-04 -4.12737370e-01  3.16914350e-01
 -1.50548100e-01 -3.50184768e-01 -2.00892821e-01  1.51821405e-01
  7.75439620e-01 -9.80758592e-02 -1.68780535e-01 -4.26487893e-01
  3.21941704e-01 -8.68842229e-02 -1.68527162e-03 -3.04663450e-01
  3.49334091e-01 -2.83278108e-01  7.77115673e-02  5.59926629e-01
  4.57433492e-01 -2.27001905e-01  4.38361108e-01 -3.57357860e-01
 -5.67104995e-01  7.05811739e-01  4.50279295e-01  9.32136849e-02
  1.24719515e-01  9.71324801e-01  3.80759299e-01  8.80190730e-02
  1.66048944e-01  1.66997686e-01 -1.93592012e-02  7.47796237e-01
 -9.35990512e-02 -2.55292535e-01 -5.11816740e-01  4.15321469e-01
 -2.75782615e-01  1.47175454e-02  2.73299307e-01  7.54157066e-01
  5.61306477e-01  5.93704581e-01  6.30716980e-01 -6.07059240e-01
 -4.74008560e-01  2.34838333e-02 -1.06874920e-01 -9.09236491e-01
 -5.85753322e-02 -3.50358337e-01  2.73959517e-01 -3.96624774e-01
  3.75056624e-01  7.70908669e-02  8.11879754e-01 -2.03811020e-01
  6.16325974e-01 -2.31033832e-01  1.14833012e-01  7.27772340e-02
  3.58272403e-01 -2.85136878e-01 -5.47403812e-01  8.24800730e-01
  4.51214388e-02 -4.23150122e-01  7.08250701e-02 -1.07528366e-01
  1.72931924e-01  2.96942413e-01  3.52026224e-01  1.89522058e-01
  4.89274599e-02  5.18213749e-01  1.26887545e-01 -2.55440784e+00
  3.59054834e-01 -2.71413594e-01  2.26587236e-01 -2.72677362e-01
  2.47611359e-01  2.84588993e-01  1.86103925e-01  1.91814482e-01
 -3.09385628e-01 -5.84737420e-01 -4.57518578e-01 -1.93403661e-01
 -4.84411186e-03 -1.70870032e-02 -5.76794386e-01  1.37079572e-02
 -5.97847879e-01 -5.58664083e-01  2.12945849e-01 -7.23428130e-01
  2.48427421e-01 -1.91366583e-01  4.63518351e-01  5.44917703e-01
 -5.55110490e-03  3.30209017e-01 -1.01076543e-01  4.17303443e-01
 -6.05460167e-01 -6.39945567e-01  1.91636726e-01 -7.22556263e-02
  1.32532626e-01  2.79539675e-01 -4.40613963e-02  3.05624679e-02]",-1,-1
1,the food is not good.,,1,,,,1,1,1,[''],2024-01-18,,food good,0.4404,negative,"[-6.87234998e-02 -5.79285204e-01  4.25558329e-01  1.17786534e-01
  4.16945368e-01 -2.85755694e-01 -1.41057774e-01 -3.07739496e-01
  4.13453728e-01 -5.47847688e-01  7.07356811e-01 -9.31381509e-02
  5.38702011e-01  3.48912567e-01 -4.00779992e-01 -1.00905471e-01
  5.10869384e-01  5.48803091e-01  5.48021272e-02  3.03156525e-01
 -6.24416731e-02  4.53536034e-01 -4.99839008e-01  1.73445106e-01
  4.53251153e-02 -2.55042225e-01 -6.36948645e-02 -5.31656325e-01
 -5.02438962e-01 -3.26913506e-01  1.39543906e-01  5.56906760e-02
  4.14075762e-01  1.81136921e-01  3.19503099e-01  9.20144618e-01
 -5.77561021e-01 -1.45427704e-01 -2.98912935e-02  1.93408251e-01
 -4.14275080e-02 -3.15731525e-01 -2.57559538e-01  8.92138332e-02
  3.57128680e-01 -7.82983825e-02 -2.46652365e-01 -2.21211370e-02
 -1.97055131e-01 -9.13397908e-01  5.63125193e-01 -3.40252101e-01
  6.34481236e-02 -4.06380534e-01 -3.47469412e-02  2.38712117e-01
  6.90718651e-01 -3.70371133e-01 -1.51190519e-01  7.96142034e-04
 -3.80255729e-02  5.22378802e-01 -9.64545533e-02 -1.87286541e-01
 -5.83216012e-01 -7.57877469e-01  7.97174275e-01  4.30397928e-01
 -2.35266015e-01 -6.12701774e-01  1.09955976e-02  4.01169777e-01
  5.13044238e-01  1.32420227e-01  1.75524559e-02 -3.70581508e-01
  4.28517610e-01  3.83603666e-03 -4.50381279e-01 -3.13022465e-01
  3.93481731e-01  2.23269284e-01 -2.49778740e-02  4.45997775e-01
  2.35859185e-01 -1.01107948e-01 -2.04000205e-01 -1.37018099e-01
 -1.94846660e-01 -4.90986973e-01 -2.64461905e-01 -3.15730721e-01
 -8.96675736e-02  3.78546834e-01 -4.41105425e-01  4.97464180e-01
  7.42021054e-02  4.84984875e-01  4.30192441e-01  1.51910841e-01
  1.55328408e-01  3.96482199e-01  6.06814384e-01 -2.33918473e-01
  2.66690433e-01  4.50575858e-01 -1.30753756e-01 -1.02540448e-01
  7.25577950e-01  5.17835855e-01 -2.64942586e-01  7.12961853e-02
 -8.97141024e-02 -2.64286816e-01 -4.53719229e-01 -2.81988263e-01
 -8.30459893e-02 -6.47851110e-01 -1.32380456e-01 -3.45330983e-01
  3.05908203e-01  3.18325341e-01  5.80427706e-01 -6.11540556e-01
  3.73072624e-01  8.89821351e-02 -2.86220104e-01 -1.22600019e-01
  5.73374450e-01  5.57860553e-01  2.08741084e-01  3.40230882e-01
  2.77712643e-01 -5.73630929e-01  3.61173570e-01  3.28698307e-01
  5.88118672e-01  3.59661937e-01  1.94269985e-01  6.83266282e-01
 -3.67504030e-01  1.79125696e-01  2.51678884e-01 -7.09234238e-01
 -5.63377023e-01  1.93208545e-01  2.10228130e-01  1.18730831e+00
 -9.96739045e-02 -1.96755081e-01 -1.86514035e-01 -4.93035316e-01
  5.44766426e-01 -1.97190166e-01 -5.58061302e-01  7.81167299e-02
 -1.36910200e-01 -4.20280486e-01  8.16578344e-02 -2.06492350e-01
  3.90615463e-01  1.64606065e-01 -6.98622912e-02  8.77249420e-01
  3.90610278e-01 -1.32201731e-01 -1.98803425e-01  5.82565814e-02
 -4.61837381e-01 -1.18087135e-01 -5.32549441e-01 -1.05334550e-01
 -2.38238722e-01 -2.33600900e-01 -7.04272866e-01 -2.29009897e-01
 -1.36541814e-01 -4.42601144e-01  1.36097029e-01 -3.32237184e-01
  1.56772166e-01 -8.60590339e-02 -7.57973492e-02  2.72821039e-01
  7.17217326e-01  4.90640283e-01  2.18310550e-01  4.60511930e-02
 -6.59343898e-01 -4.43431914e-01  4.35283959e-01  6.61131740e-01
 -4.69080731e-02 -1.35882288e-01 -9.58675444e-02  5.01632929e-01
 -4.69150171e-02  1.88927293e-01  1.98381662e-01  1.21464163e-01
 -1.29020080e-01  3.61627042e-01 -3.12166721e-01 -7.53502250e-01
 -4.05173093e-01  9.79813099e-01  4.05410945e-01 -4.77832377e-01
  1.36726737e-01  6.33337557e-01 -5.66917181e-01 -4.80934642e-02
  6.36313409e-02  2.47714072e-01  7.83217847e-02  1.26074538e-01
  5.09896159e-01  4.62534279e-02 -8.86759683e-02 -4.29941416e-01
  3.29921484e-01  2.87417561e-01 -3.93699795e-01 -6.87574372e-02
 -2.63319969e-01 -1.21484667e-01  1.80126220e-01  7.45741427e-02
  1.12904906e+00 -4.45381552e-01  4.36987638e-01 -2.29716286e-01
  9.28843394e-02 -5.11825442e-01 -4.62120399e-02 -1.50101632e-01
  7.05275178e-01 -4.25170083e-03 -2.43621036e-01 -8.00996348e-02
  2.86221385e-01 -3.98256361e-01  7.13407397e-02 -6.33834660e-01
 -4.25482154e-01 -3.45149823e-02 -1.50424331e-01 -4.14247781e-01
  3.55607308e-02 -4.86340970e-01  3.34983468e-02  3.41680616e-01
 -5.87206185e-02  3.03860992e-01 -1.58814669e-01 -1.29342079e-01
  1.75948516e-01 -1.35713130e-01  7.06919789e-01 -3.00795645e-01
  6.94386125e-01  1.00042470e-01 -4.17232603e-01  3.93995047e-01
  2.90501863e-02 -1.75325036e-01 -5.27991652e-02  1.54406935e-01
 -2.02815786e-01  1.23256370e-01  4.46505621e-02 -1.06638521e-02
  3.05575013e-01 -1.15701169e-01  2.64706373e-01  1.15037553e-01
  8.82423595e-02  6.01180255e-01 -4.48503792e-01 -8.13306868e-03
 -1.38664722e-01 -8.56053531e-02 -4.65685219e-01  6.09537125e-01
 -1.28753181e-03  1.11483186e-02  2.04205528e-01 -3.53386968e-01
 -2.46479645e-01 -3.15449797e-02 -2.48547673e-01 -8.01084116e-02
 -9.51429978e-02 -6.34554178e-02  2.03772604e-01 -1.54427812e-01
 -5.17697573e-01 -2.38168716e-01  2.89880216e-01 -8.13207924e-02
  3.89633834e-01 -1.15775853e-01 -4.39509511e-01  1.92594856e-01
 -7.20263541e-01 -6.79839104e-02  7.80597255e-02 -5.03201246e-01
  1.04630601e+00  1.58857882e-01 -1.01934862e+00  4.57250178e-01
 -5.92745125e-01  2.29160711e-02 -4.65498507e-01  4.03238200e-02
 -5.20273186e-02  1.39761448e-01 -2.23937452e-01  5.09658158e-01
 -3.88581038e-01  2.12724507e-02 -4.79307398e-02  5.52444682e-02
  2.99563743e-02 -7.10696727e-02 -6.11488938e-01 -2.70715535e-01
  4.71952468e-01 -9.55327898e-02  6.25048161e-01  1.05576575e+00
 -3.02279055e-01 -2.59700030e-01 -1.42538935e-01  3.27761889e-01
 -7.53183588e-02 -3.58890772e-01 -4.92683589e-01  8.54350924e-02
 -1.06479749e-01 -5.09241343e-01  4.69151676e-01  1.81232750e-01
  6.37649119e-01  2.93996334e-01  2.91988134e-01 -2.88282931e-01
  8.33033472e-02 -3.63574117e-01  5.85686505e-01  9.37821195e-02
  6.14310615e-02 -1.86678231e-01  9.74193811e-02 -2.95954287e-01
 -8.17136884e-01  2.71483511e-03 -2.64169216e-01  2.72093654e-01
 -3.81860316e-01  1.68373495e-01  5.27802780e-02  1.64732456e-01
 -1.89055935e-01  5.03768504e-01 -8.22983503e-01 -1.33061439e-01
  2.33278722e-01  3.37231338e-01  4.73114669e-01  8.64637550e-03
 -1.53255731e-01 -7.63029397e-01  1.92246541e-01  3.49529833e-03
  1.76401302e-01 -8.63872111e-01  3.14569861e-01  2.32008055e-01
  3.41490567e-01  1.17367327e-01  3.58598083e-01  2.91032717e-02
  3.69892716e-01 -6.58530772e-01 -1.29290462e-01  4.09269571e-01
  3.90647799e-02 -3.46338183e-01  3.01079631e-01  2.16255814e-01
  5.84548824e-02  3.44406426e-01 -2.56195694e-01 -2.24979799e-02
 -2.08646715e-01 -6.99971691e-02 -1.25630185e-01  1.66740920e-02
 -9.01430324e-02 -1.16274625e-01 -3.95117283e-01  5.67372799e-01
 -1.94200069e-01  6.28111959e-02  2.08141029e-01  5.79879642e-01
 -5.97522795e-01 -2.49724060e-01  2.71347821e-01  3.83726731e-02
  4.38462138e-01  1.74748152e-01 -5.41850701e-02  4.44070756e-01
 -4.85437550e-02 -9.48846936e-02  2.50652909e-01 -1.07383937e-01
  2.65069485e-01 -3.71742934e-01 -4.86104518e-01 -4.37365234e-01
  3.22593041e-02  2.38418803e-01  2.01551199e-01  3.85732278e-02
  7.89683402e-01 -5.07480025e-01 -6.85721457e-01  1.72516882e-01
  2.52308011e-01 -1.09010600e-02 -2.69098282e-01  7.99836367e-02
 -8.17948580e-02  6.52342439e-01 -6.01802431e-02  6.07034922e-01
  2.71430373e-01  3.96706462e-01 -4.17116672e-01  5.57903312e-02
 -5.85613012e-01  8.84853661e-01  2.43426740e-01  7.56670758e-02
  3.69884782e-02 -4.09301102e-01 -1.67909905e-01 -5.83879769e-01
 -5.67063153e-01 -8.84324759e-02  6.50156021e-01 -1.82239518e-01
 -1.28512949e-01  2.03799814e-01  3.71385306e-01 -3.79072458e-01
 -1.32671565e-01  3.95052940e-01 -6.65994525e-01 -1.82539389e-01
  3.32281172e-01 -2.54251480e-01  2.76503354e-01  2.79435605e-01
 -5.89397503e-03  1.88123763e-01 -6.36720717e-01  2.77354658e-01
 -4.71796691e-01  3.15919816e-01 -1.75372288e-01  6.73877001e-02
  1.38984397e-01  2.33787403e-01  1.38598636e-01  3.56235981e-01
  2.08917201e-01 -3.89033347e-01  2.36360162e-01 -5.27851999e-01
 -2.13999435e-01  3.19328725e-01  2.20240250e-01  7.06933215e-02
 -1.49991423e-01 -4.69788797e-02  1.33527610e-02  3.96605581e-04
  2.47259542e-01 -8.58462274e-01 -9.07065153e-01 -4.56764340e-01
  8.31417680e-01 -5.07519186e-01  8.36241424e-01  2.62233615e-01
 -4.09360796e-01  4.52151299e-01  8.13309476e-03  2.98319429e-01
  4.81342338e-02 -2.63566405e-01 -1.14537910e-01  4.53056306e-01
 -3.50357592e-01  9.92154181e-02 -1.55992657e-01 -4.37064707e-01
  2.04440624e-01 -6.53460249e-02  3.75729918e-01  1.76325515e-01
 -3.62617821e-01  3.19005996e-01 -9.58235934e-02  2.16253713e-01
 -3.26709524e-02  2.86200672e-01 -4.04956751e-02 -5.90163410e-01
 -2.10080624e-01  1.21936202e-01 -3.47101152e-01 -7.08481550e-01
 -1.25565484e-01  9.60796773e-02  1.50452126e-02  6.69615045e-02
  6.01015650e-02 -1.00227281e-01 -2.27609515e-01  2.52595454e-01
  2.00400561e-01 -3.76395822e-01 -5.57475984e-01 -2.37317815e-01
  5.03428042e-01 -1.90413535e-01 -2.22461641e-01  2.03213647e-01
 -6.63095772e-01  5.34973085e-01  1.10122249e-01  5.87873697e-01
  1.47781715e-01 -4.44172509e-02 -3.98591042e-01  1.72266543e-01
  6.59649968e-02  1.15196660e-01  4.68867153e-01  4.65569884e-01
 -9.78984386e-02  2.59488791e-01 -2.54027456e-01  7.30933368e-01
  1.69388860e-01  9.76849347e-03 -3.35906535e-01 -3.58118713e-01
  5.01642004e-02 -1.80783302e-01 -2.24902481e-01  6.83470845e-01
  2.95545995e-01 -9.74038094e-02  5.28399229e-01  8.60636309e-02
  2.91557133e-01  2.65094995e-01 -3.07872891e-01 -1.07781112e-01
 -4.80111450e-01 -4.27934825e-01  7.41591990e-01 -4.82623726e-01
  7.27528036e-02 -3.06037128e-01 -1.31936982e-01 -4.05144036e-01
 -3.96935344e-01 -4.49945390e-01 -2.67477691e-01  5.28860211e-01
  1.01710953e-01 -3.50288123e-01  2.85133600e-01  4.85473931e-01
 -3.80022973e-02 -4.29253012e-01  1.23813361e-01  5.96584380e-01
  6.50570273e-01 -2.14733958e-01 -1.97974086e-01 -5.71553171e-01
 -1.07724905e-01 -3.64635706e-01  4.86199737e-01 -4.20256913e-01
 -4.23646510e-01 -4.24319580e-02  5.39826393e-01  5.54141045e-01
 -5.08863032e-01  3.98745090e-01 -2.58918822e-01  4.64134663e-01
 -2.44404092e-01  3.82138431e-01  4.37864214e-01 -5.82852602e-01
 -3.71336251e-01 -6.74045622e-01  2.56143123e-01  1.43922213e-02
 -6.82220608e-02  4.83200699e-01  1.03693239e-01 -5.09598851e-01
 -3.71576399e-01  7.20672190e-01  1.60216063e-01 -3.50057244e-01
 -3.53865534e-01 -3.97972584e-01 -4.81920838e-01 -2.80607492e-02
  2.97677845e-01 -3.36392075e-01  3.46363991e-01  2.27033831e-02
 -3.58293802e-01 -1.41857520e-01 -1.11362264e-01 -2.23539248e-01
 -3.43727201e-01 -3.29757065e-01 -6.02592468e-01 -2.88573086e-01
  2.06363425e-01 -8.26145589e-01 -5.70573211e-01  3.07663083e-01
 -4.58851367e-01  5.52339852e-02  8.73319447e-01 -5.40198803e-01
  1.34496897e-01 -1.90066963e-01 -2.58497208e-01  3.03817332e-01
 -4.80543450e-02 -6.36568964e-02 -1.48248225e-02 -4.86634314e-01
  7.72163749e-01  1.42458722e-01  1.69042051e-01 -1.78735778e-01
  2.05465123e-01 -2.95091748e-01 -5.74980006e-02 -1.85667947e-01
  2.86311179e-01 -2.62320489e-01 -3.21875513e-01  3.55960429e-01
  7.10276008e-01 -2.57764906e-01  1.80587210e-02 -2.41147548e-01
 -7.22049832e-01  4.66280580e-01  3.32523853e-01  2.13702004e-02
  3.06009054e-01  2.50405490e-01 -2.70946681e-01  3.61106932e-01
  2.32334003e-01  2.99689710e-01 -2.82683000e-02  7.65876845e-02
 -5.40319324e-01  5.55666447e-01 -2.38907173e-01  7.59734511e-01
  3.58633280e-01 -3.91228288e-01  6.77285343e-03  1.60512120e-01
 -2.72238225e-01  4.02506113e-01  6.25562519e-02 -2.99918890e-01
 -1.07575826e-01 -4.89841908e-01 -7.33792931e-02 -1.51469588e-01
  1.70927197e-01 -2.43961960e-01  4.31348264e-01  3.07337344e-01
  3.23913217e-01  1.17111847e-01  3.60038459e-01  8.34353939e-02
  1.95877403e-01 -2.60367572e-01 -3.91838700e-02  6.76860929e-01
  3.10117394e-01 -2.59867758e-01 -5.53420544e-01  8.47359538e-01
  1.74488910e-02 -2.73231894e-01 -2.24287271e-01  2.70132899e-01
  2.45319575e-01  5.58084011e-01  2.09132046e-01  1.06529459e-01
 -1.14699617e-01  2.78225213e-01  2.31224269e-01 -2.71948051e+00
 -1.42169371e-03  2.02730432e-01  2.49492116e-02  2.11097986e-01
  4.20808256e-01  2.54807532e-01  1.05368890e-01 -4.09390777e-01
 -3.12175840e-01 -4.09632593e-01 -9.76135135e-01 -7.82479793e-02
 -1.01718523e-01 -3.75939816e-01 -1.26188338e-01  1.74472719e-01
 -7.05891252e-01 -2.02418879e-01  3.25032741e-01 -8.62210274e-01
  4.00107317e-02 -4.09476817e-01  2.95894146e-01  4.18926120e-01
  6.85472488e-02  2.00376064e-01  9.10200179e-03  6.62707612e-02
 -8.36043954e-01 -3.02997679e-01  3.28219920e-01  1.42655283e-01
  1.71738297e-01  4.61975366e-01 -2.01647669e-01  6.07551001e-02]",-1,-1
2,the dish is too salty.,,1,,,,1,1,1,[''],2024-02-18,,dish salty,0.0,negative,"[-9.01044626e-03 -5.59297085e-01  1.26120031e-01  4.21832293e-01
  1.03365374e+00 -4.27085072e-01  5.55829667e-02 -6.80510029e-02
  2.54340619e-01 -1.87675282e-01  4.90944058e-01 -2.30249807e-01
  6.07253194e-01  2.16784343e-01 -1.96398541e-01 -6.22647703e-02
  2.65525937e-01  6.70331478e-01  4.84993219e-01  7.53793716e-01
  2.32681274e-01  6.88770413e-03 -1.02474332e+00  4.33444113e-01
 -9.08473954e-02 -1.66645274e-01 -5.35534620e-01  6.18249327e-02
 -8.24808925e-02 -5.27089201e-02  5.66989362e-01  2.42576346e-01
  3.78784895e-01  3.72206531e-02 -1.62639797e-01  7.73227692e-01
 -1.25848234e-01 -6.16617501e-02 -5.33900976e-01 -8.99410844e-02
  3.99496228e-01  1.68842170e-02 -8.63072634e-01  3.30807269e-02
  5.11628509e-01 -1.30335703e-01 -2.05600396e-01  1.40257567e-01
 -6.30189925e-02 -9.16168272e-01  7.04080284e-01 -1.69820786e-01
  2.22103640e-01  9.25830975e-02  1.56300455e-01  7.71721900e-02
  4.72962886e-01 -5.09995759e-01  7.11376891e-02  2.17964426e-01
  2.39441559e-01  7.97044814e-01  1.99894056e-01  5.20076573e-01
 -7.19437599e-01 -4.22604650e-01  5.79391181e-01  6.59422934e-01
  4.13182855e-01 -3.42781931e-01  5.64700902e-01  2.38797531e-01
  5.18274724e-01  3.77665073e-01 -4.41999763e-01 -8.51674452e-02
  1.02498937e+00 -2.41331503e-01 -7.78210402e-01 -3.29320371e-01
  8.36468279e-01  1.16339117e-01  1.33584067e-01  2.64391661e-01
 -3.83498192e-01  2.33885888e-02  1.58206493e-01 -2.68366367e-01
 -1.54926091e-01 -4.99160200e-01  6.49789050e-02 -2.58187652e-01
 -1.09142900e-01  2.92139202e-01 -5.21558560e-02  2.07731411e-01
  2.31067434e-01  1.22129001e-01  1.82806730e-01  7.20520839e-02
 -3.49528551e-01  8.32602382e-02  1.05418026e+00 -2.65933871e-01
 -1.60954282e-01 -3.30378264e-02  2.45723709e-01 -9.56774652e-01
  1.38734758e-01  9.99938026e-02  3.45356107e-01  3.80176306e-01
  3.35695058e-01 -1.68101534e-01  2.54298002e-01 -9.52943489e-02
 -4.65168625e-01 -1.17273174e-01 -2.21879527e-01 -4.86753136e-01
  5.52045643e-01  4.85975415e-01  6.01088345e-01 -5.49529433e-01
  9.44888413e-01  2.71837473e-01 -1.37995854e-01  2.22930074e-01
 -6.27652556e-03  3.53804201e-01  1.63761526e-01 -1.10457771e-01
  5.35726547e-03 -3.98062199e-01  7.11387634e-01 -1.54948279e-01
  3.41375589e-01  8.49474370e-01 -3.62166077e-01  2.30009913e-01
 -2.02873215e-01  4.07015085e-01  4.00345653e-01 -7.48338401e-01
 -3.74552816e-01  2.56451908e-02 -2.39187971e-01  5.67010939e-01
  5.73399842e-01 -3.06338608e-01  1.73925593e-01 -1.89650595e-01
 -1.84845719e-02 -1.04961395e-01  3.53507809e-02  3.61236334e-02
 -2.54526198e-01 -2.55744874e-01 -2.75400579e-01 -5.43569088e-01
  3.37379724e-01  3.86279702e-01  1.98514033e-02  1.16925561e+00
 -2.69459039e-01  7.10137710e-02 -6.99409023e-02  1.45923376e-01
 -7.49787748e-01 -5.12202196e-02 -6.04441427e-02 -2.79666692e-01
  2.68547446e-01 -9.03700963e-02 -1.59782812e-01 -5.60188591e-01
  3.07624251e-01  4.21294928e-01  2.60798782e-01  3.70165519e-02
 -1.81348622e-01  4.72134560e-01 -1.62438691e-01  3.15528400e-02
  6.20078862e-01  2.56677717e-01  1.30203977e-01  9.95032713e-02
 -2.22714946e-01 -4.21996452e-02 -5.70642501e-02  7.96592712e-01
  2.35702172e-01 -1.80151522e-01 -3.77307720e-02  7.91127861e-01
  7.14384168e-02  4.95047241e-01  1.61688343e-01  2.48046875e-01
  2.18325317e-01  3.54612350e-01 -1.57955244e-01 -5.27147233e-01
 -1.76073983e-01  3.24497312e-01  1.22108482e-01 -5.18000603e-01
 -2.76450068e-01  3.94123107e-01 -6.38998449e-02  1.89117625e-01
 -1.65571854e-01  2.12027296e-01  6.99387565e-02  2.84675628e-01
 -1.02539591e-01 -2.10157130e-02  1.20699704e-01 -3.65939856e-01
  1.92128256e-01  1.58236250e-01 -5.12841403e-01  1.27458870e-01
 -4.21474576e-02 -7.40508735e-02 -6.91527948e-02  1.07545786e-01
  8.23522806e-01 -3.39672327e-01  3.24629456e-01 -2.96669930e-01
  6.04736507e-01 -6.87202752e-01 -1.72754657e-02 -2.97184885e-01
  2.83254147e-01 -6.41064942e-01 -6.43274307e-01 -3.91345739e-01
  1.12386592e-01  2.04681680e-01  6.13762625e-02 -3.11323076e-01
 -2.65677124e-01  3.40613693e-01 -1.65834278e-03 -1.77918777e-01
 -2.04959109e-01 -6.84780419e-01 -1.45473033e-01  2.26490065e-01
  1.09484367e-01 -3.83654945e-02  6.93881139e-02  9.38586593e-02
 -4.52475637e-01 -8.88080243e-03  4.87580180e-01 -3.74936193e-01
  2.09659100e-01 -7.77735636e-02 -9.99998391e-01  1.80204466e-01
  2.22359553e-01 -1.81251571e-01  1.05377436e-01  2.65185505e-01
  2.12774873e-01  5.59371769e-01 -3.13278884e-01  1.10140711e-01
  1.66164145e-01 -1.03627928e-01  4.61931825e-01 -1.32033542e-01
  2.02804878e-01  5.52200556e-01  1.88210735e-03 -1.74051464e-01
 -8.61136675e-01 -3.68800968e-01 -2.97893789e-02  1.62977889e-01
  8.06783214e-02 -1.25733927e-01 -2.29166552e-01 -5.15316129e-02
 -7.44494945e-02 -2.48894095e-01 -2.85037875e-01 -4.05459076e-01
 -6.94395244e-01 -3.42273638e-02  6.13431036e-01  4.26559061e-01
 -6.03708684e-01 -9.71146747e-02  1.78497061e-01 -3.46737117e-01
  5.24082720e-01 -1.91573858e-01 -1.44112274e-01 -4.34099883e-01
 -6.28522158e-01  2.78890897e-02 -1.52116060e-01  1.52776986e-02
  5.85995436e-01 -1.92883268e-01 -9.13304150e-01  3.47892433e-01
 -3.91131490e-01 -3.17733251e-02 -5.27304232e-01  2.13212445e-01
  3.80000234e-01  1.22781001e-01 -4.90548521e-01 -8.49045441e-03
 -1.19477011e-01  2.94703454e-01 -4.72889334e-01 -1.96273729e-01
  5.59209049e-01 -7.06171021e-02 -4.23709035e-01 -2.67819613e-01
  2.15148941e-01  7.37465248e-02 -6.69751242e-02  1.04443049e+00
 -2.39137813e-01 -3.78346473e-01  2.52334565e-01  2.68144906e-01
  2.49802008e-01 -5.64424336e-01 -4.51084137e-01 -3.66869599e-01
 -3.27891380e-01 -6.33755147e-01  6.53413236e-01  3.16017978e-02
  4.42261308e-01 -3.11275601e-01 -5.20512313e-02 -2.87458867e-01
  1.23574488e-01  2.59013504e-01  1.44430131e-01  4.25456464e-02
 -3.18752602e-03 -5.66357076e-01 -1.48251280e-01  1.17612230e-02
 -7.81466663e-01  2.14784265e-01 -2.51816958e-01  1.08170450e-01
 -1.29902080e-01 -1.17326580e-01 -3.00626010e-01 -5.63109033e-02
 -3.12034398e-01 -1.07578747e-01 -4.48167711e-01 -4.23937887e-01
  3.57773036e-01 -6.83491156e-02  4.54955310e-01  1.31218985e-01
 -5.67639053e-01 -1.00886524e+00  3.38698268e-01  4.24939781e-01
 -1.93095163e-01 -5.55437267e-01  2.62641460e-01 -1.52884245e-01
  2.64099628e-01  1.93201184e-01 -7.92539656e-01 -1.90186009e-01
  9.48043242e-02 -6.95594251e-01 -1.38343766e-01  3.01266193e-01
 -5.56486666e-01 -1.11371137e-01  2.07765505e-01  1.18613541e-01
  4.57078665e-01 -3.34284186e-01  7.96125904e-02 -1.88965097e-01
 -2.59505153e-01 -8.82125273e-02 -4.15806085e-01 -6.04580604e-02
  8.41415599e-02 -1.87330440e-01 -1.83796644e-01 -3.72808337e-01
  2.41081044e-02 -1.89938292e-01  2.84765810e-01  3.75841826e-01
 -4.62277085e-01 -4.63523149e-01  3.06906942e-02 -7.01339245e-01
  4.81427342e-01  4.13513407e-02  8.67252350e-01  7.75925457e-01
  7.85691813e-02  1.26634374e-01 -1.10478736e-01  3.54132801e-01
  3.83147329e-01 -8.25698748e-02 -2.96638370e-01 -6.28485382e-01
 -1.54973296e-02  1.93855837e-01  2.41368175e-01  9.57267806e-02
  6.54727221e-01 -4.39947814e-01 -8.68180573e-01  2.85154670e-01
  3.69480491e-01  3.44188899e-01 -3.32685560e-01 -1.74521908e-01
 -6.72380865e-01  8.16505909e-01  1.53813198e-01  7.00006664e-01
  2.83835739e-01  1.86499581e-01 -1.74959466e-01  2.37394765e-01
 -2.22970083e-01  5.31739831e-01  4.51486737e-01 -2.34685674e-01
  5.43515049e-02 -2.95602959e-02 -3.57712001e-01 -1.46061778e-01
 -3.93387467e-01 -1.71332851e-01 -1.05902053e-01  5.47971308e-01
 -5.16755223e-01  7.60429621e-01  1.33748934e-01 -4.67173666e-01
  1.84255466e-01  3.50930303e-01  2.84422815e-01 -7.81578496e-02
  6.29365370e-02 -8.42512771e-02 -2.02278450e-01  3.65715027e-01
  4.62212181e-03 -2.00478926e-01 -3.56608421e-01  5.48204839e-01
 -2.52448648e-01  2.15250731e-01 -3.21175046e-02  3.41401100e-01
  5.61947823e-01  2.25368872e-01 -4.53149043e-02  6.97531700e-01
  7.22539946e-02 -3.60169083e-01  3.99400502e-01 -4.11304832e-01
 -1.57404408e-01  6.55485570e-01 -3.54848616e-02 -3.76147367e-02
 -8.51925075e-01  2.05264091e-01  5.76799810e-01  2.22772006e-02
  4.58567701e-02 -8.12908709e-01 -5.16786397e-01 -4.24628705e-02
  3.71115088e-01 -2.89895952e-01  4.33989137e-01  1.94887102e-01
 -4.47789311e-01  1.45245939e-01 -4.04226780e-01  1.50571363e-02
  2.18386725e-01  7.11166188e-02 -2.70250291e-02  1.24909664e-02
 -8.20065662e-03 -2.15713922e-02 -1.85790122e-01 -7.35664308e-01
  1.17995836e-01 -1.49013251e-02 -1.77256599e-01 -1.38496952e-02
  2.28242919e-01  1.19496651e-01 -3.82862538e-01  9.80032012e-02
 -1.06076144e-01  5.10200441e-01 -4.45951313e-01 -2.19197020e-01
 -9.95396972e-02  2.77255654e-01  5.02290666e-01 -5.67260802e-01
 -3.50330114e-01  3.33671480e-01  6.74656853e-02  2.40182921e-01
 -3.76158655e-02 -4.41978984e-02 -2.30749194e-02  3.03524226e-01
 -5.29648066e-02 -1.17493421e-01 -5.41868508e-01 -1.50080621e-01
 -1.03103213e-01  1.71328261e-01 -3.12279552e-01 -1.07118927e-01
 -2.77471155e-01  1.04072344e+00  3.31023276e-01 -1.16015129e-01
 -1.25094935e-01 -7.04986369e-03  2.32110798e-01  6.58005416e-01
  4.33248311e-01  5.85070312e-01 -4.58737373e-01  9.37096894e-01
 -2.19656274e-01 -2.71830320e-01 -5.97311616e-01  2.98617452e-01
 -1.35845572e-01  2.91218311e-01 -3.01056504e-01 -3.77185084e-02
  1.90560833e-01 -2.86337525e-01 -2.51316726e-01  6.83906257e-01
  3.61438960e-01  3.89684439e-02  8.82189199e-02  7.89343938e-02
  5.81361167e-02  4.06605363e-01  3.32051963e-02 -6.51389122e-01
 -8.06273878e-01 -5.52748203e-01  9.95101750e-01 -6.09562099e-01
  1.47060499e-01  1.00936688e-01  2.29781643e-01 -2.19237089e-01
 -1.19892322e-01  1.00915216e-01 -1.60235211e-01  4.30505365e-01
 -7.66959265e-02 -1.23761944e-01  3.01425397e-01  5.29612124e-01
 -5.62419742e-02 -4.07299191e-01  2.54338294e-01  1.74752533e-01
  3.61215800e-01 -1.16061711e+00  2.40626693e-01 -3.43583465e-01
  7.34606981e-01  1.28240317e-01  7.67329276e-01 -4.53362226e-01
  3.53981644e-01 -1.89969793e-01  3.48268032e-01 -5.49597554e-02
 -4.44647938e-01 -1.50966659e-01 -1.67626426e-01 -5.25737293e-02
  7.37357810e-02 -2.32660308e-01 -1.01505816e-01 -3.91110986e-01
 -9.70044792e-01 -4.93373662e-01  3.72729637e-02 -1.91645080e-03
  4.07742947e-01 -1.54182734e-02  5.00173122e-02 -2.90294945e-01
 -2.03975439e-01  4.28354591e-01 -7.31600747e-02 -5.03502190e-01
 -2.30616644e-01 -2.06837058e-01 -2.80246019e-01 -4.56870012e-02
  2.76805341e-01 -4.85778213e-01  6.13444746e-01  2.74186879e-01
  2.42728442e-02 -1.03858389e-01  2.24077657e-01 -2.10805550e-01
  9.04262960e-02 -4.19461012e-01 -5.72944999e-01 -1.51775703e-01
  2.04593062e-01 -2.87366658e-01 -6.59117401e-01  6.07616194e-02
 -7.45645523e-01  2.65198231e-01  1.87643185e-01 -8.99035156e-01
 -2.53197461e-01 -3.80714893e-01 -4.68724400e-01  4.62555796e-01
 -1.96706261e-02 -3.78362089e-01 -4.41427231e-01 -2.97167897e-01
  3.94229531e-01 -6.38127476e-02 -8.46107230e-02 -1.71421587e-01
  2.27160051e-01  4.79054302e-01 -1.94857046e-01 -1.28692493e-01
  8.05282891e-02  1.36889175e-01 -4.76962812e-02  6.34520888e-01
  3.54206055e-01 -1.73446849e-01 -1.38260543e-01 -6.07713163e-01
 -4.15602416e-01  4.64274794e-01  1.89651653e-01  4.22464870e-02
 -1.15433760e-01  2.86688477e-01 -7.24478588e-02 -5.44185052e-03
  1.41493574e-01  1.27013624e-01  4.57172275e-01 -2.61551052e-01
 -4.51328546e-01  7.82179609e-02 -9.26001593e-02  3.41445208e-01
  6.00619376e-01 -2.92629153e-01  2.56726950e-01  4.69820648e-02
  1.01537190e-01  4.73609298e-01  5.90030491e-01 -5.47771871e-01
 -1.11356564e-01 -4.82226014e-01  6.87092319e-02 -2.74634331e-01
  2.93993115e-01 -1.05249323e-01  6.81548119e-01  2.22494304e-01
 -3.33382301e-02 -8.17486867e-02  5.11704862e-01  4.20774549e-01
  3.13236326e-01 -3.15226167e-01 -3.13049592e-02  1.89613447e-01
 -4.97011952e-02 -2.51013994e-01 -1.14921696e-01  2.58412808e-01
 -9.59194556e-04  2.75696218e-02  1.03838354e-01  4.73654896e-01
  3.21129203e-01  3.29001062e-02 -2.20781103e-01  5.47443092e-01
  1.79683372e-01 -1.02268100e-01  2.55340278e-01 -2.04302335e+00
 -4.02101666e-01  8.73244926e-02 -2.39529416e-01 -3.94487351e-01
  1.16340846e-01  4.87350732e-01 -4.12436157e-01 -2.72530884e-01
 -1.39431104e-01 -7.86866844e-01 -6.98826611e-01 -3.51006776e-01
 -1.86365679e-01 -6.69480979e-01 -6.70331940e-02 -5.59517257e-02
 -2.17797756e-01 -1.39867529e-01  1.65786251e-01 -6.17806435e-01
  1.76211044e-01 -6.62607253e-01  3.79743464e-02  5.21358728e-01
  1.24375589e-01  6.77488506e-01  1.58427939e-01  3.23039412e-01
 -6.48110688e-01 -3.21740896e-01  7.01301575e-01  3.06422353e-01
 -4.60102176e-03  2.69851476e-01 -2.94425339e-01  1.04974508e-01]",-1,-1
3,the food is too bland.,,1,,,,1,1,1,[''],2024-03-18,,food bland,0.0,negative,"[-1.01129152e-02 -4.13950920e-01  5.68275213e-01  2.39312068e-01
  4.50904518e-01 -9.05166417e-02 -4.88802910e-01 -5.41122615e-01
  6.25821669e-03 -1.65076792e-01  4.41693932e-01  9.07313079e-02
  5.34458637e-01  5.81977010e-01 -3.66285592e-01 -4.08180326e-01
  2.37281352e-01  7.51290739e-01  3.00626636e-01  3.18143547e-01
  2.59307832e-01  2.83124268e-01 -1.01396191e+00  3.67638916e-01
  1.94503143e-01 -5.16031206e-01 -8.50247681e-01 -1.63855866e-01
 -1.73289664e-02 -3.01765889e-01  5.25411844e-01  2.67233938e-01
  2.80255407e-01  2.97575593e-01  1.23035178e-01  1.32833451e-01
 -3.16903740e-01 -4.81595993e-01  1.83479950e-01 -9.89332348e-02
  3.37628499e-02  1.65626466e-01 -4.77611631e-01 -5.40311374e-02
  2.59127647e-01  1.98509499e-01 -1.25868902e-01  1.78832561e-01
  3.40845883e-01 -1.08089387e+00  4.40449506e-01 -3.92803550e-01
  1.11531496e-01 -2.93332547e-01 -6.17118537e-01  3.86509597e-01
  3.82316381e-01 -4.63374108e-01 -6.75045550e-02  6.43970847e-01
  1.18486837e-01  5.97687662e-01  3.74197923e-02  9.34075266e-02
 -8.46137464e-01 -6.40761435e-01  2.43724063e-01  4.83320773e-01
 -2.30228156e-01 -2.40518704e-01  2.89268732e-01  7.23628402e-02
 -5.42613044e-02  1.22417182e-01 -4.76496130e-01 -4.85835880e-01
  6.42676651e-01  1.87880546e-03 -4.89953339e-01 -8.27840865e-02
  4.51950967e-01  5.71505688e-02 -1.21562473e-01  5.60197055e-01
  3.65889877e-01  2.57915080e-01 -1.39043778e-01 -1.81699723e-01
 -7.55293593e-02 -1.12793967e-02 -1.28838629e-01 -6.44513965e-01
 -1.60886347e-01  5.59892178e-01 -1.72160983e-01  1.66301772e-01
  3.29915509e-02  4.81301486e-01  4.52157378e-01 -6.48379773e-02
  3.80751230e-02  3.31712991e-01  3.91671956e-01 -3.35576981e-01
  1.71654671e-01  4.15052027e-01 -8.80073160e-02 -1.72529310e-01
  5.05003989e-01  4.53127652e-01 -2.14924812e-02  4.33344990e-01
  4.54491735e-01 -2.95147836e-01 -2.27010131e-01 -3.77515495e-01
 -2.28560567e-01 -8.67437065e-01 -9.03386548e-02 -6.18334532e-01
  2.36451074e-01  6.83260635e-02  4.69279230e-01  1.04052804e-01
  8.05621505e-01  1.77374050e-01 -2.41308108e-01 -4.54841703e-02
  2.95214206e-01  2.62879312e-01  2.54608631e-01  6.36825413e-02
  2.65460670e-01 -3.38075906e-01  2.66737878e-01  3.69049758e-02
  5.82825363e-01  3.89909565e-01 -2.77337372e-01  1.22403368e-01
 -2.19983295e-01  3.68940055e-01  9.72926915e-02 -8.21569443e-01
 -4.24303353e-01 -6.18863553e-02 -9.88757610e-03  1.21762919e+00
  1.61595061e-01  1.95365936e-01  2.15474352e-01 -7.44726062e-01
  2.66441137e-01 -6.17189407e-02 -5.25429845e-01  1.65648371e-01
  1.30410120e-01 -1.88356012e-01  2.92476416e-01 -7.44615644e-02
  9.57995951e-01  6.28405511e-02 -1.01998009e-01  1.14027274e+00
 -2.19341218e-01  2.08402853e-02 -3.87877911e-01  1.25852019e-01
 -6.80363119e-01 -9.71736014e-02 -7.10707664e-01 -4.31408226e-01
 -4.08785164e-01 -3.69692087e-01 -1.66823015e-01 -5.77345192e-01
 -1.67683169e-01 -2.91010380e-01 -1.42552286e-01  8.77428949e-02
 -4.42429520e-02 -3.70839685e-01  3.38094905e-02 -2.13179618e-01
  5.43189764e-01  6.09609365e-01  2.28618771e-01 -4.58660796e-02
 -4.96677846e-01 -5.25181651e-01  2.66286492e-01  6.46046042e-01
  5.56457996e-01 -1.93089560e-01  1.69790477e-01  7.03560233e-01
  7.16510832e-01  2.09105432e-01  2.55052239e-01  2.62181967e-01
  1.16085477e-01  2.88940609e-01  1.50570571e-02 -6.21545613e-01
 -2.50474185e-01  9.51927543e-01  1.70028955e-01 -5.21331966e-01
 -9.45662260e-02  7.32213736e-01 -4.41406906e-01  4.61837202e-01
 -2.23065346e-01  5.40934265e-01  3.64001960e-01  2.82504290e-01
 -7.50866905e-02 -5.20337299e-02  1.18581429e-01 -7.05669299e-02
  3.37256193e-02  2.69092619e-01 -4.81889069e-01 -1.57473728e-01
 -4.61177766e-01  4.62691665e-01 -2.24696398e-02  6.28265813e-02
  7.77505040e-01 -4.42704380e-01  6.87832773e-01 -3.44078362e-01
  1.46635890e-01 -3.50145280e-01 -4.74543571e-02 -1.58202033e-02
  5.83354890e-01  1.97610557e-01 -1.34271011e-02 -3.94577384e-01
  6.01772815e-02 -2.89449096e-01  8.08031410e-02 -3.10244054e-01
 -3.51775259e-01 -1.97230667e-01  7.21190721e-02 -1.72570482e-01
  4.77451198e-02 -1.29281804e-01  2.37282962e-01  1.22129239e-01
 -5.21919906e-01 -5.85029610e-02  1.13083467e-01 -4.52473134e-01
  2.43417937e-02 -3.00862730e-01  8.20922494e-01 -3.63445938e-01
  1.98932678e-01 -1.27172798e-01 -7.53111959e-01  6.19980454e-01
 -3.14855248e-01  1.11119583e-01  2.62217522e-01  2.06665009e-01
 -3.24358881e-01  7.30172396e-02 -1.63524374e-01 -2.37883538e-01
  3.40025902e-01  5.64021319e-02  4.90910649e-01  3.17445993e-01
  3.20954993e-02  7.00422764e-01 -5.91395833e-02 -1.56251207e-01
  2.28148863e-01  1.23353034e-01 -1.45840555e-01  4.48237717e-01
  1.11362159e-01  8.50752965e-02  5.60149513e-02 -3.88599515e-01
  2.44275555e-01 -4.47852999e-01 -7.06524432e-01 -1.72228277e-01
 -2.90370822e-01 -1.12935364e-01 -7.59439319e-02  1.90162137e-01
 -2.54969090e-01 -7.32598081e-03 -4.19387594e-02  5.98289631e-02
  5.11463463e-01 -3.15434039e-01 -1.69233069e-01 -3.83254826e-01
 -6.67436779e-01  1.53879106e-01 -4.26857382e-01 -1.51139274e-01
  9.07868564e-01  2.10051864e-01 -2.70331144e-01  2.87036926e-01
 -4.98977490e-03 -2.40057275e-01 -5.96634448e-01 -6.74628094e-03
  3.87338966e-01  4.25513357e-01 -2.73893297e-01  4.74146545e-01
 -3.84443194e-01  1.63430497e-01 -5.69827437e-01  2.67321710e-02
  5.01387179e-01  1.42284244e-01 -3.32083225e-01 -3.20654690e-01
  4.29952443e-01  2.65971925e-02  2.00374931e-01  1.30589724e+00
 -3.02161396e-01 -1.45628899e-01  2.48217937e-02  6.46976471e-01
 -6.05246797e-02 -6.64283097e-01 -2.54035950e-01 -2.17589319e-01
  1.02825865e-01 -5.82055509e-01  6.23875022e-01  9.36144963e-02
  4.72523198e-02 -1.71327069e-01  1.95524246e-01 -2.06073061e-01
  1.60092153e-02 -2.06117764e-01  3.60735208e-02 -3.66601497e-02
 -2.13451423e-02  1.31183624e-01 -9.56095755e-04  1.62146717e-01
 -6.61340475e-01 -3.41016874e-02 -3.04461241e-01  3.28871608e-01
 -1.12160273e-01  9.09443349e-02 -1.79831162e-01 -2.43228897e-01
  4.28545512e-02  2.38434628e-01 -1.02545187e-01 -4.47304249e-01
  1.26817554e-01  7.02680051e-02  6.09709740e-01  4.59019363e-01
 -6.19433880e-01 -9.78719711e-01  8.69939029e-02  7.41351694e-02
  3.40773731e-01 -4.62604165e-01  2.75213301e-01  3.68356884e-01
  4.16254997e-01 -3.45758617e-01  5.81061482e-01  3.37978601e-01
 -1.07741810e-01 -7.21090138e-01 -1.66908652e-01  7.72451982e-02
 -1.50093079e-01 -2.97436237e-01  4.65421915e-01  4.14006561e-01
 -3.37554932e-01  2.05313504e-01  3.41162324e-01 -7.91630298e-02
 -4.28701729e-01 -3.11581679e-02  6.84986934e-02  3.14270318e-01
 -1.24014886e-02 -2.43112668e-01 -2.58375518e-02  2.78668731e-01
 -6.11370385e-01  2.32304201e-01  2.86096990e-01  3.38925064e-01
 -4.04822528e-01 -5.79274118e-01  8.52459893e-02 -2.26083800e-01
  5.83644629e-01  4.39593971e-01  1.54104412e-01  5.22985220e-01
 -4.08642352e-01  1.26486635e-02  1.94824547e-01  3.88707131e-01
  8.65881220e-02 -2.28086174e-01 -1.07347839e-01 -5.22124469e-01
 -1.34149939e-01  1.72064930e-01  2.97166437e-01 -1.28809452e-01
  4.79798198e-01 -3.56807619e-01 -6.63304925e-01  5.96761517e-02
  4.84346002e-02 -1.90481767e-01 -5.65292016e-02 -3.55626434e-01
 -2.00820103e-01  5.97845674e-01 -2.06868038e-01  4.79269922e-01
  1.68507442e-01  4.46829826e-01 -1.96721926e-01  1.48673877e-01
 -5.08885980e-01  1.13908637e+00  3.69741082e-01 -3.80656198e-02
 -3.46265659e-02  2.37669528e-01 -3.01619619e-03 -7.71089554e-01
 -3.04322064e-01  1.07693799e-01  3.32870960e-01 -3.18224609e-01
 -1.20115623e-01  1.06081448e-01  1.94012865e-01 -1.88002996e-02
 -1.11788418e-02  3.81352603e-01 -2.38555044e-01  9.08295810e-02
 -3.43246534e-02 -8.46265554e-02 -1.94221213e-01  3.74652207e-01
 -3.84338915e-01  1.38374001e-01  9.56720486e-03  1.78188965e-01
 -3.37811649e-01  6.30795300e-01 -5.99834859e-01  1.80673882e-01
  4.56444055e-01  4.98858094e-01  9.29338858e-03 -5.58965147e-01
  5.02422452e-01 -4.32117313e-01  1.90052673e-01 -7.13492334e-01
 -4.98454154e-01  4.84021336e-01 -1.27199396e-01  5.32101572e-01
 -6.15433395e-01 -7.14702457e-02  3.54920238e-01 -2.27071151e-01
  3.03378999e-01 -1.37495697e+00 -5.25093794e-01  1.31019950e-01
  6.96448207e-01 -5.68810463e-01  6.02961957e-01 -1.63783222e-01
  6.07280992e-02  4.23532546e-01 -1.34156510e-01  1.01389572e-01
  4.92072031e-02 -4.92938578e-01  3.75422277e-03  2.44366407e-01
 -4.33167458e-01 -4.83158708e-01  1.79445036e-02 -9.68080997e-01
  8.48224282e-01 -3.95870022e-02  2.64768094e-01 -7.43841976e-02
 -2.83455759e-01 -2.62486100e-01 -2.31427699e-01  4.62300122e-01
  1.42305613e-01  3.67078960e-01 -4.34563875e-01 -2.22568989e-01
 -3.77201080e-01 -2.63145626e-01  5.79238087e-02 -3.71059120e-01
 -2.37173542e-01  4.79549766e-02  2.23202854e-01  1.79770559e-01
 -2.65217144e-02 -1.33973494e-01 -2.98354570e-02  2.04309806e-01
  3.36544290e-02 -1.65845364e-01 -3.35076630e-01 -3.80986392e-01
  2.41450965e-01 -1.53685823e-01 -4.37104166e-01  4.42176819e-01
 -2.59124786e-01  6.12534404e-01  3.73480618e-02 -1.24105573e-01
  3.63651931e-01 -1.88583851e-01  2.63081156e-02  5.84276676e-01
  5.41524708e-01  9.37179476e-02 -8.43703188e-03  7.94415176e-02
  1.38994396e-01  1.91902488e-01 -4.36879009e-01  6.75757051e-01
  6.65169582e-02 -1.38379298e-02 -3.43358308e-01 -1.91884130e-01
  4.51516867e-01 -7.95125067e-02 -3.49579334e-01  9.38561320e-01
  7.41611570e-02 -1.57138675e-01  1.43027648e-01  2.28531629e-01
  2.02227771e-01  2.40535930e-01 -1.57408878e-01 -4.35532957e-01
 -5.41436732e-01 -2.03618705e-01  6.71725452e-01 -1.39136001e-01
  7.01295733e-02 -1.41882628e-01 -2.80913532e-01 -1.05532028e-01
 -8.18554610e-02 -3.48450840e-01 -2.93012381e-01  6.09821677e-01
  8.88496190e-02 -3.10229838e-01  4.43513602e-01  1.96025327e-01
 -2.54944116e-01 -4.86730546e-01 -5.03892958e-01  4.91363257e-01
  4.53822732e-01 -6.68355823e-01 -4.84710366e-01 -1.75460577e-01
  2.35677660e-01  8.00762102e-02  4.42372620e-01 -8.68852198e-01
 -3.66353631e-01  3.20441842e-01  5.07339239e-01  1.92870885e-01
 -4.78947014e-01 -3.01031265e-02 -2.67669082e-01 -2.06653140e-02
 -4.06059623e-03  1.68430388e-01 -2.97191739e-02 -5.26761293e-01
 -8.78690481e-01 -5.23617923e-01 -1.66853964e-01 -5.45001924e-02
  2.44379014e-01  5.19622087e-01 -1.92289770e-01 -7.85753250e-01
 -5.52661791e-02  7.26456702e-01 -3.04811001e-02 -4.97936994e-01
 -3.10623169e-01 -2.54665256e-01 -4.79186505e-01 -1.08704299e-01
  4.18447495e-01 -3.43821675e-01  1.35919720e-01 -2.37549484e-01
 -3.62151742e-01 -6.07954487e-02 -2.83461571e-01  8.44103768e-02
 -4.89820719e-01  4.70190123e-02 -4.03591752e-01 -3.64537656e-01
  5.53291440e-02 -1.79412678e-01 -6.45487309e-01  3.48023355e-01
 -5.77404857e-01  1.67813510e-01  1.08810937e+00 -3.01321268e-01
 -3.90101820e-02 -1.55262411e-01 -3.03787738e-01  2.12678716e-01
 -1.41175270e-01 -8.26370902e-03  1.26520932e-01 -8.21176320e-02
  5.86263716e-01 -1.57571211e-02  3.63095999e-02  3.18350792e-01
  1.57392979e-01 -2.23434851e-01  8.20387304e-02 -3.66088003e-01
 -3.76227535e-02 -2.84577757e-01  9.26465541e-02  6.59704268e-01
  7.24422812e-01 -1.11631110e-01 -1.41584575e-01 -5.25111377e-01
 -3.66495579e-01  5.91569722e-01  2.95450419e-01  2.30795946e-02
  1.37727723e-01  4.76651192e-01 -3.22201967e-01  4.25103426e-01
 -7.42938668e-02 -2.16633715e-02 -1.82691708e-01 -1.03533324e-02
 -3.37930620e-01  4.60077494e-01  1.47994310e-01  2.73672104e-01
  2.78640866e-01 -2.71243006e-01 -3.24723005e-01 -4.79140766e-02
 -6.27210923e-03  6.87108696e-01  2.54870057e-01 -2.93748170e-01
 -2.60654420e-01 -1.02842331e-01 -2.73931175e-01 -8.95008296e-02
  9.76810753e-02 -4.81411070e-01  4.38696176e-01  5.47973394e-01
  3.32415521e-01 -4.71149497e-02  3.50343555e-01  2.63966709e-01
  3.54736090e-01  4.28223982e-03 -4.14254427e-01  3.18901509e-01
  5.61266504e-02 -7.73520842e-02 -2.84646004e-01  6.83703661e-01
  1.63130313e-01  1.70101717e-01 -1.85341239e-01 -3.72765549e-02
  4.10263002e-01  6.46118879e-01  1.91164479e-01  2.22811386e-01
 -9.84988362e-02  1.90006703e-01  3.89668465e-01 -1.39747715e+00
  2.00564653e-01  3.45094800e-01  1.64268585e-03 -2.76045054e-01
  3.93324971e-01 -5.99888682e-01  1.63598120e-01  1.58515498e-01
 -3.54371756e-01 -8.21908176e-01 -8.76388967e-01  1.34403706e-01
  2.82670587e-01 -4.19206291e-01 -4.56294000e-01 -1.18384823e-01
 -5.67160368e-01 -1.50166675e-01 -1.21749997e-01 -9.41622972e-01
 -3.01527590e-01 -4.80781853e-01  2.68046372e-02  2.87536502e-01
  5.85467443e-02  1.76916152e-01 -3.27048570e-01  2.34192923e-01
 -6.05986714e-01 -4.97595191e-01  9.84280035e-02  3.04774940e-01
  1.14638451e-02  1.83702871e-01 -3.40724468e-01  4.39369380e-01]",-1,-1
4,bad food.,,1,,,,1,1,1,[''],2024-04-18,,bad food,-0.5423,negative,"[-1.55326009e-01 -7.75542319e-01  5.59893370e-01  3.79936695e-01
  2.73678780e-01 -1.11893326e-01 -5.48466682e-01 -4.93019015e-01
  1.45934373e-01 -1.28221065e-01  7.05412030e-01 -2.32914358e-01
  8.15761685e-01  5.10764003e-01 -3.77477050e-01  1.60935633e-02
  6.63770437e-01  4.33269322e-01  9.81014818e-02  1.70276627e-01
 -1.71426803e-01  4.38394725e-01 -7.22973943e-01  3.22692126e-01
  2.31904939e-01 -1.01232670e-01 -5.57329774e-01 -3.92824918e-01
 -4.36328240e-02 -8.33798945e-02  3.83594573e-01 -2.23191436e-02
  5.74711025e-01  1.11023240e-01  1.18954405e-01  4.17863280e-01
 -4.74598169e-01 -3.25032949e-01 -1.65345464e-02  2.13584349e-01
 -1.67261988e-01 -8.03499669e-03 -3.38348687e-01 -4.78245839e-02
  1.87696338e-01  1.98740393e-01 -3.67370903e-01 -1.14814326e-01
 -2.45898917e-01 -1.20163476e+00  4.73586917e-01 -3.15303028e-01
 -1.31289035e-01 -6.79737702e-02 -3.57752368e-02  4.32816386e-01
  4.39246297e-01 -1.38973936e-01 -2.22641379e-01  2.94900499e-02
  1.20340183e-01  7.32397795e-01 -2.50426233e-01  5.90988994e-02
 -6.38487220e-01 -5.52343547e-01  9.38737169e-02  5.04116654e-01
 -3.22789550e-01 -6.59448564e-01  3.20006728e-01  3.14879596e-01
 -1.19710378e-01  1.36241645e-01 -3.41941625e-01 -2.28093609e-01
  3.76962841e-01 -2.78729558e-01 -5.84884167e-01 -2.36318946e-01
  8.72664213e-01  3.41622949e-01 -1.86337814e-01  7.30817199e-01
  7.00547174e-02  2.95026600e-01 -1.31103486e-01 -1.61628917e-01
 -1.68153450e-01 -2.54664719e-01 -1.98759332e-01 -5.84355354e-01
 -1.89661980e-01  5.14627755e-01 -1.13498263e-01  4.07734275e-01
  1.24961123e-01  3.93071651e-01  2.64717281e-01 -6.31452948e-02
 -2.30588601e-03  3.39615136e-01  7.52834678e-01 -2.91853786e-01
  5.83721042e-01  4.37112749e-01  8.21345299e-03 -3.11663955e-01
  4.04825211e-01  3.23925555e-01 -2.96004921e-01  6.64514974e-02
  2.78704971e-01 -1.90947324e-01 -3.57699007e-01 -6.78056061e-01
 -3.16162378e-01 -7.84311652e-01 -9.57204262e-04 -5.71452498e-01
  4.40179035e-02 -9.65443105e-02  5.54065049e-01 -1.35239586e-01
  5.82625687e-01  8.18903521e-02 -2.96985686e-01  3.81197445e-02
  6.37136936e-01  2.68011898e-01  9.32602286e-02  6.73178971e-01
  4.07183141e-01 -3.08810383e-01  6.50533676e-01 -7.51066282e-02
  3.22066665e-01  2.32921109e-01  7.04276189e-02  6.35009348e-01
 -1.01285145e-01  1.21786192e-01  3.10697079e-01 -6.06069088e-01
 -2.31599838e-01  2.65682667e-01  1.96141958e-01  1.34701872e+00
 -4.83260155e-01  1.69058174e-01  1.13593921e-01 -4.61272717e-01
  5.46052098e-01  1.90587640e-01 -2.88783371e-01 -1.03481382e-01
  1.71965182e-01 -2.49731198e-01  1.91951972e-02  3.19540292e-01
  5.85564196e-01  2.31690526e-01  1.37857765e-01  1.15615487e+00
  2.20419671e-02 -9.43446979e-02 -3.61751795e-01  9.24483985e-02
 -4.93509561e-01  7.02268481e-02 -4.70144272e-01 -3.10595363e-01
 -2.14309633e-01 -3.84037077e-01 -5.62623143e-01 -5.64389050e-01
 -2.64612764e-01 -1.73572958e-01  2.30318666e-01 -1.83982521e-01
  5.33815213e-02 -8.89592767e-02  1.64901868e-01  3.89438495e-02
  7.09050238e-01  6.35233819e-01  2.66493678e-01 -5.41334078e-02
 -3.89151126e-01 -4.33331579e-01  5.53291678e-01  9.79575276e-01
  3.16429377e-01 -2.24045277e-01 -5.45605645e-02  8.05529833e-01
  2.76682734e-01  5.45561969e-01  6.30143136e-02  3.72777402e-01
  2.10327730e-01  1.31553635e-01 -1.21291295e-01 -5.72037816e-01
 -7.21641541e-01  9.10215735e-01  4.00961787e-01 -6.00130558e-01
 -8.16636011e-02  7.01947987e-01 -5.94726622e-01  8.92267227e-02
 -2.25834958e-02  1.87499493e-01  1.64849609e-01  4.24580961e-01
  2.07835644e-01  2.07260936e-01 -1.07417822e-01 -2.40356669e-01
 -8.49788263e-02  1.09205171e-01  3.39857489e-03 -7.66376108e-02
 -2.73258358e-01 -1.44402489e-01 -1.92055553e-01  5.56824096e-02
  1.05230439e+00 -1.69070572e-01  1.88308626e-01 -2.85527855e-01
  1.67608872e-01 -5.67083597e-01 -5.17995395e-02  6.67466503e-03
  8.18913281e-01  5.33862829e-01 -4.03081656e-01  8.94768536e-02
  2.44610701e-02 -2.84310400e-01 -3.84949557e-02 -6.39091492e-01
 -3.23232800e-01  6.45273626e-02 -1.73307896e-01 -2.03444451e-01
  1.79991014e-02 -4.93297547e-01  1.00876659e-01  7.12602377e-01
  1.13568664e-01  4.79186028e-02  1.17327921e-01  1.74594715e-01
  1.12700053e-02 -3.10971171e-01  8.43334317e-01 -2.32630908e-01
  6.75773561e-01  5.72883189e-02 -6.47233844e-01  4.78068352e-01
  1.05964310e-01 -9.46085751e-02  2.50705838e-01  2.62500703e-01
 -3.79837006e-01  2.95718253e-01  6.88482374e-02 -3.16740245e-01
  6.50818646e-01 -1.96647346e-01  3.32620919e-01  3.22019219e-01
  1.97893038e-01  4.08896148e-01  4.58308049e-02  3.75199229e-01
 -9.65496972e-02  1.23741105e-01 -3.11389595e-01  1.26377866e-01
  1.73321664e-01  3.52196991e-01  1.10847279e-02 -5.47320724e-01
  3.91431719e-01 -4.04057920e-01 -7.92691648e-01 -3.99109304e-01
 -1.18316106e-01  6.04403280e-02  6.74034059e-02  1.66862220e-01
 -3.27615529e-01 -8.72964561e-02 -2.14701250e-01 -2.70101368e-01
  1.83389410e-01 -5.48552394e-01 -4.79707420e-01  1.30442187e-01
 -7.29664922e-01  1.40901580e-01 -3.02884251e-01  1.86678231e-01
  7.39853501e-01  5.65874986e-02 -6.95674896e-01  2.86663860e-01
 -8.23700055e-02 -5.80478162e-02 -4.17232394e-01  1.83631063e-01
  2.99354434e-01 -1.43006772e-01 -2.58365363e-01  4.78711665e-01
 -3.40371996e-01  2.01357007e-02  8.24673623e-02  1.26532212e-01
  3.45939249e-01 -1.07908510e-01 -2.15590030e-01 -2.43940353e-01
  2.90387392e-01 -1.76213086e-01  5.71379781e-01  1.55248427e+00
 -4.59222198e-01 -2.23244384e-01 -2.19951048e-01  5.42536974e-01
  7.76488855e-02 -4.10085559e-01 -8.00141990e-01 -7.68683031e-02
 -1.96578145e-01 -3.67936850e-01  3.51718038e-01  1.72245830e-01
  3.53597194e-01  1.63936764e-01 -4.82389368e-02 -3.83936286e-01
  1.28135562e-01 -3.88332218e-01  2.88073570e-01  1.31389856e-01
  2.08755359e-01 -1.10472172e-01 -2.91777194e-01 -2.03668833e-01
 -6.94135368e-01  2.21837059e-01 -1.46532670e-01  3.06238711e-01
 -1.20043293e-01  8.42556581e-02 -4.28474210e-02 -4.08361144e-02
 -1.20189607e-01  1.37385726e-01 -1.45036459e-01 -2.69835114e-01
  1.94807917e-01  3.74726057e-01  3.89539033e-01  2.36884803e-01
 -3.83626580e-01 -1.03580141e+00  2.15603590e-01  1.26901850e-01
  2.82376021e-01 -3.27304959e-01  5.79982936e-01  3.12565058e-01
  3.22533697e-01 -1.68551371e-01  1.97575480e-01  1.77625299e-01
  4.93164770e-02 -5.08136153e-01  1.49652973e-01 -1.80057049e-01
 -2.77735949e-01 -7.11792290e-01  3.34611654e-01  4.50488627e-01
  2.59953856e-01  1.90031052e-01  1.49127111e-01 -2.69141197e-01
 -1.89652473e-01 -1.21357262e-01 -9.20247287e-02  3.17403316e-01
 -6.85133412e-02 -9.22371447e-02 -2.16927126e-01  3.44325840e-01
 -4.44753408e-01  3.43283892e-01  3.05674732e-01  2.76074499e-01
 -6.72511697e-01 -6.87633455e-01  1.05537586e-01 -4.21332330e-01
  5.81981421e-01  4.66265053e-01  4.15254712e-01  4.94349629e-01
 -1.23403236e-01  2.97413588e-01  7.49766082e-02  2.43927073e-02
  3.29856277e-01 -4.21071112e-01 -2.64940977e-01 -7.11389184e-02
 -1.79776736e-02  3.15916359e-01  3.08518410e-01  3.75795811e-02
  9.84192431e-01 -2.62715518e-01 -5.76824009e-01  1.49400197e-02
  2.73171842e-01 -1.15942433e-02 -9.51832235e-02 -1.86431691e-01
  6.02777563e-02  4.70915824e-01 -2.43019789e-01  3.45297217e-01
  3.30349326e-01  1.50484294e-01 -4.81848359e-01  2.73339212e-01
 -7.23628879e-01  1.04497814e+00  6.02208897e-02 -9.91421789e-02
 -4.44775373e-02 -8.17317236e-03 -1.93331107e-01 -6.36356831e-01
 -3.97444516e-01 -7.99392015e-02  5.35281837e-01 -7.00978935e-02
 -4.37655687e-01  8.34286436e-02  4.93962079e-01 -5.45738973e-02
  1.43972382e-01  8.44652116e-01 -4.76987273e-01 -5.07224873e-02
  1.62283972e-01 -3.86449367e-01  4.66663800e-02  2.01058060e-01
 -1.12262309e-01  6.34410977e-02 -4.83293086e-01  1.70768932e-01
 -5.77187061e-01  4.02921587e-01 -7.87663311e-02  1.47850856e-01
  2.40041852e-01  1.40972525e-01 -1.68744549e-01 -8.78967270e-02
  4.99769092e-01 -2.81674266e-01  2.95348436e-01 -4.99202192e-01
 -4.18742806e-01  5.58450758e-01  2.39664376e-01 -5.60384430e-02
 -2.33941749e-01 -8.83121565e-02  1.78242654e-01 -4.46796492e-02
  1.97614640e-01 -1.02320278e+00 -5.32690406e-01  1.04946956e-01
  7.06751406e-01 -3.24756682e-01  4.41426277e-01 -1.24219134e-02
 -2.41323560e-01  4.41285193e-01 -1.37589768e-01  3.02523524e-01
  1.02227680e-01 -3.01155388e-01  3.88736799e-02  5.41087747e-01
 -5.47184169e-01 -7.99245238e-02 -2.79788952e-03 -7.40599155e-01
  5.21826982e-01 -1.36658683e-01  4.39135730e-01 -2.31349140e-01
 -4.37297314e-01  2.94678695e-02  2.56632697e-02  2.23101661e-01
 -3.25540721e-01  6.71805859e-01 -6.43966258e-01 -3.29464287e-01
 -1.58129588e-01 -1.61016360e-01 -4.00317088e-02 -5.92026174e-01
 -1.13222681e-01 -3.29187736e-02 -1.73481256e-01  1.32767811e-01
 -1.06699932e-02 -1.71136335e-02 -1.76027656e-01  3.16234618e-01
 -7.86286667e-02 -1.28256485e-01 -2.48989999e-01 -1.09415025e-01
  1.63375214e-01 -1.24712184e-01 -5.05032241e-01  3.92733932e-01
 -5.37984133e-01  3.87055218e-01  1.90054461e-01  1.87968269e-01
 -1.05649531e-01 -1.42122835e-01 -4.84496742e-01  4.29873914e-01
  3.01751405e-01  4.47923839e-01  1.18508570e-01  3.80906850e-01
  2.44415402e-01  9.03505534e-02 -2.95526773e-01  5.07592440e-01
  1.08662024e-01 -9.18737501e-02 -4.72585142e-01 -2.88062871e-01
  5.14421582e-01 -2.67171621e-01 -3.24370146e-01  9.47652936e-01
  2.82330871e-01 -4.87746410e-02  2.98561364e-01  1.44620642e-01
  4.94691357e-02  2.03059942e-01 -1.46062657e-01 -2.89657533e-01
 -4.04597998e-01 -2.55292088e-01  4.32789505e-01 -4.90173995e-01
 -2.33639389e-01 -3.25803697e-01 -4.67735469e-01 -3.65786195e-01
 -2.77372092e-01 -3.21307063e-01 -1.50317878e-01  8.39150488e-01
 -2.81038880e-01 -3.16141039e-01  2.63511181e-01  3.56135935e-01
  8.36305618e-02 -2.77525753e-01  1.99536949e-01  4.75933105e-01
  3.58407676e-01 -4.90036368e-01 -5.52156806e-01 -4.18076515e-01
  1.09080046e-01 -1.81875080e-02  2.83903867e-01 -5.55132806e-01
 -5.69416285e-01  1.82654783e-02  6.09243155e-01  3.55034202e-01
 -1.46876365e-01 -9.22754183e-02 -2.19371229e-01  7.55241811e-02
 -3.96218374e-02  2.51139760e-01  6.05197251e-01 -6.62809312e-01
 -6.46588385e-01 -6.19928002e-01  2.35160485e-01  2.05071867e-01
 -4.41803336e-02  2.98811972e-01  1.29778430e-01 -7.49479651e-01
 -2.97578245e-01  6.13961995e-01 -2.51297187e-02 -5.33855438e-01
 -4.38483991e-03 -3.67639780e-01 -9.06888902e-01 -4.02447850e-01
  1.80087000e-01 -8.91849771e-03  1.81895047e-01 -1.29699588e-01
 -4.13126916e-01 -3.88239980e-01 -2.78635025e-02 -4.37517643e-01
 -3.15812349e-01 -1.43579707e-01 -7.04463840e-01 -3.66870284e-01
  2.31542259e-01 -4.84442502e-01 -5.49055874e-01  2.23787203e-02
 -7.66527891e-01  2.05581933e-01  7.44721353e-01 -2.82053083e-01
 -1.01218343e-01 -5.38841963e-01 -4.30536836e-01  3.06899577e-01
  2.40697280e-01 -5.13936318e-02  8.61556381e-02 -4.35795695e-01
  7.41514564e-01 -5.50280102e-02  7.43281990e-02  1.48541510e-01
  2.94961363e-01 -2.05748588e-01 -3.68634760e-01 -2.29099393e-01
  1.45843446e-01 -4.19435740e-01 -4.87972498e-02  3.53437603e-01
  5.28825998e-01 -3.03385437e-01 -6.43389113e-03 -5.96266448e-01
 -6.83695197e-01  7.32088327e-01  2.04884887e-01 -2.64100544e-02
  2.28727490e-01  8.26713964e-02 -2.16245055e-01  4.48343515e-01
  9.08932984e-02  9.80163664e-02 -1.65212899e-01 -2.09285736e-01
 -4.68007982e-01  5.84232926e-01 -7.84507990e-02  5.35125375e-01
  3.91333133e-01 -4.75851148e-01 -4.10971761e-01  9.66637284e-02
  1.72624514e-01  9.78841424e-01  2.92871237e-01 -7.70520389e-01
 -3.31905670e-02 -3.20343912e-01 -6.73022643e-02 -1.86885267e-01
 -1.12354539e-01 -6.07708097e-01  4.30352300e-01  1.01033792e-01
  1.46683902e-01 -5.80152459e-02  2.22902939e-01  4.11919355e-01
  3.31651032e-01 -2.36384347e-01 -1.50379166e-01  3.68376434e-01
  1.61447138e-01 -1.93609729e-01 -2.79947132e-01  4.56442356e-01
  1.15481555e-01 -4.34574068e-01 -1.62672952e-01  4.04354244e-01
  1.41129211e-01  7.06021786e-01  3.48218620e-01  4.20349687e-02
 -1.00998878e-01  2.23032445e-01  3.33387226e-01 -2.18151140e+00
  1.46133620e-02  1.02887258e-01  3.89385596e-02  2.63304204e-01
  4.30318385e-01  2.51592875e-01  4.60919797e-01 -5.02360202e-02
 -2.75153548e-01 -2.83725917e-01 -8.73178422e-01 -6.48421049e-02
  2.12294430e-01 -7.42772818e-01 -1.46834642e-01 -1.05676442e-01
 -6.63261235e-01 -5.07246137e-01  1.86449319e-01 -1.31584549e+00
 -1.87275022e-01 -4.05013412e-01  1.74983233e-01  6.38780713e-01
  1.93068147e-01  2.36637235e-01 -4.42193411e-02  6.72561228e-02
 -8.44296813e-01 -4.83999014e-01  1.35259047e-01  4.68117803e-01
  3.28833669e-01  1.91317111e-01 -3.59465897e-01  2.91274011e-01]",-1,-1
5,boring food.,,1,,,,1,1,1,[''],2024-05-18,,bore food,-0.25,negative,"[-5.48860058e-02 -3.98529530e-01  3.43437374e-01  7.80624151e-02
  2.44269431e-01  5.00517152e-02 -2.45089486e-01 -3.76894861e-01
  1.46430403e-01 -1.41135395e-01  5.33138871e-01 -1.86938912e-01
  4.92552578e-01  6.42978847e-01 -5.25103629e-01 -2.89678812e-01
  5.36621213e-01  9.09599602e-01  1.91917866e-01  7.94718087e-01
  2.05252748e-02  4.44111019e-01 -8.52667391e-01  4.31782722e-01
  2.75620759e-01 -1.90414831e-01 -8.23545933e-01 -2.91873932e-01
  1.74241126e-01 -2.73367316e-01  4.51622039e-01  3.05786759e-01
  2.81611234e-01 -5.95889613e-02 -4.69090790e-02  5.20713925e-01
 -8.17840546e-02 -2.88258463e-01 -7.02786259e-03 -2.19181865e-01
  2.86130399e-01  1.66146383e-01 -7.07488894e-01 -1.09056585e-01
  2.03771591e-01  1.94835395e-01 -2.93940097e-01  1.09230325e-01
 -2.22864583e-01 -8.31274271e-01  2.25411147e-01 -4.47988063e-01
  3.05056691e-01  8.41311514e-02 -4.84160960e-01  3.58686775e-01
  6.23980343e-01 -4.66821492e-01 -1.40876889e-01  3.89779508e-01
  1.39719412e-01  3.08460891e-01 -5.00809886e-02  2.47315437e-01
 -7.55654871e-01 -4.77283359e-01  4.17028069e-01  4.24637109e-01
 -2.22820327e-01 -4.11368608e-01  3.69097650e-01  8.65528733e-02
  3.41473147e-02  1.51393935e-01 -5.86071551e-01 -3.54602337e-01
  4.92110491e-01 -3.55449826e-01 -5.54508626e-01 -3.55521500e-01
  7.32955813e-01  2.07204819e-01 -3.39073628e-01  5.26149988e-01
  5.32110780e-02  1.46385938e-01 -7.57338777e-02 -1.45491719e-01
 -5.76243401e-01 -2.67624527e-01 -5.45169413e-01 -4.16496634e-01
 -5.49104154e-01  7.83448935e-01 -3.41289639e-01  7.49292910e-01
  1.09058753e-01  2.19916388e-01  1.80024192e-01  1.45693853e-01
  4.25031781e-02  1.00976825e-01  7.41158485e-01 -3.11751127e-01
  6.03953540e-01  5.74080527e-01  1.29897207e-01 -4.48122203e-01
  5.52330256e-01  8.95085260e-02 -4.22729969e-01  2.78303146e-01
  1.50771260e-01 -2.80918658e-01 -7.04870045e-01 -6.89994246e-02
 -3.23071867e-01 -7.66780972e-01  1.47549465e-01 -4.87652749e-01
  2.72404224e-01  6.09316677e-02  5.51632166e-01  5.32634445e-02
  6.56969309e-01  1.06354013e-01  3.81718166e-02 -3.10890917e-02
  5.33236921e-01 -8.13398585e-02  5.46362758e-01  2.01340467e-01
  2.21166760e-01 -2.10897490e-01  3.68107289e-01 -8.90198722e-02
  7.75418162e-01  3.42478275e-01  2.30648741e-03  3.51379007e-01
 -3.70998800e-01  3.51966321e-01  4.77867663e-01 -9.79177713e-01
 -2.96276152e-01  2.87382990e-01  3.98284286e-01  9.13692355e-01
 -4.94991928e-01  1.83569908e-01 -2.91794717e-01 -5.35317481e-01
  2.97054678e-01  1.83083951e-01 -5.05376577e-01  2.25345567e-01
  3.93164873e-01 -4.10930127e-01  3.32560897e-01 -1.56579465e-02
  5.22022307e-01  3.07790697e-01 -1.33247182e-01  1.30537319e+00
  2.16032058e-01 -2.73027550e-02 -4.11194712e-01 -1.95878237e-01
 -6.82450712e-01 -2.92789876e-01 -7.39278376e-01 -4.69354689e-01
 -4.97618943e-01 -5.96403718e-01 -7.79346347e-01 -5.69904029e-01
  1.43513232e-02  2.95831189e-02  1.47424027e-01 -1.65291399e-01
  4.07075077e-01 -2.18704745e-01  3.68582398e-01 -1.88840568e-01
  7.53175616e-01  5.74758828e-01  9.83406827e-02  1.06811576e-01
 -6.01910532e-01 -6.05598211e-01  1.06906146e-01  6.59566879e-01
  5.00653148e-01 -4.19700831e-01  1.11661568e-01  9.38157499e-01
  4.90165532e-01  4.96287674e-01  2.45028362e-01  5.18222392e-01
 -3.61324586e-02  2.61902899e-01 -6.04577735e-02 -6.94251359e-01
 -3.96427065e-01  1.11416912e+00  4.53789592e-01 -6.42953157e-01
  5.71832210e-02  6.27066493e-01 -9.06459689e-01  3.75119656e-01
  1.63998678e-01  2.93946505e-01  2.67917037e-01  3.91456902e-01
  3.12407136e-01 -1.29855469e-01  1.81849059e-02  2.30414376e-01
  7.36786276e-02  2.79349566e-01 -1.49813369e-01 -3.43422085e-01
 -2.30642974e-01 -2.18386889e-01 -1.38186619e-01  6.83051646e-02
  9.12670374e-01 -5.04090726e-01  1.03166178e-01 -2.46160924e-01
  3.35670590e-01 -2.89300501e-01 -6.80831820e-02 -1.02475509e-01
  1.04871917e+00  9.32387039e-02 -3.89597803e-01 -2.59998560e-01
 -6.42349347e-02 -3.37027788e-01  2.30111510e-01 -3.29561085e-01
 -6.05513036e-01 -1.81882471e-01 -2.56657541e-01 -6.99920356e-02
 -6.40240982e-02 -3.72050613e-01  2.72304147e-01  5.81251621e-01
 -2.35134840e-01 -1.26435697e-01  1.87451735e-01 -3.74280542e-01
 -1.25887051e-01 -2.67728746e-01  8.99249077e-01 -4.18788612e-01
  3.00915122e-01 -3.39395881e-01 -6.19641066e-01  4.41572189e-01
 -1.16359398e-01 -1.86101273e-02  1.88139245e-01  1.22928441e-01
 -4.74623024e-01  2.23646581e-01 -5.22856675e-02 -6.25930905e-01
  3.61943185e-01 -1.05659209e-01  4.26936239e-01  4.26359236e-01
  6.75222278e-02  6.61762774e-01 -1.41462684e-01 -2.41845027e-02
 -4.56928015e-02  7.96701163e-02 -2.45224744e-01  4.95848954e-01
  2.51012474e-01  1.98451206e-01 -1.97747216e-01 -3.51662844e-01
  4.41219807e-01 -1.42161876e-01 -4.49005306e-01  8.08179900e-02
 -3.07167172e-01  9.09996629e-02 -2.28718773e-01  7.90687919e-01
 -2.79112101e-01 -1.84753984e-01 -9.49578173e-03  1.35072500e-01
  6.37040317e-01 -5.39067447e-01 -4.06057209e-01 -3.01356018e-01
 -5.11330903e-01  2.25577623e-01 -3.23652357e-01 -3.06054950e-02
  1.20474696e+00  1.91981688e-01 -4.92635816e-01  4.79291473e-03
 -2.34390467e-01 -1.92635268e-01 -3.61742407e-01  1.79664075e-01
  1.10784754e-01  3.26419361e-02 -2.50752687e-01  5.71809173e-01
 -3.26765060e-01  3.84099111e-02 -2.77879864e-01 -1.21312901e-01
  5.76805949e-01  1.42028272e-01 -6.21934772e-01 -3.08837384e-01
  7.04236925e-02 -7.72592500e-02  5.67927480e-01  1.28443789e+00
 -6.72947526e-01 -3.10443323e-02  7.59267583e-02  3.77466977e-01
  5.15633583e-01 -2.76500732e-01 -2.09425539e-01  1.97080418e-01
  6.36702627e-02 -1.71344340e-01  1.61245495e-01  3.10330868e-01
  5.49553454e-01  1.60433948e-01  1.44681722e-01 -4.59812403e-01
  1.63055241e-01 -6.96080506e-01  2.18773723e-01 -1.08150005e-01
  2.58337140e-01  3.65962535e-02 -2.85613596e-01 -1.87370390e-01
 -1.08313966e+00  9.46186036e-02 -2.88322151e-01  1.07821859e-01
 -7.17195421e-02 -6.52668625e-03 -1.71428710e-01  3.92802581e-02
 -2.60036290e-01  2.95271188e-01  1.24697201e-01 -4.10487503e-01
 -8.20397288e-02 -1.47786707e-01  6.34279251e-01  7.74243295e-01
 -4.20064211e-01 -8.96707356e-01  2.74141252e-01  2.34676540e-01
 -1.81831509e-01 -5.06206393e-01  5.15470088e-01  2.61145495e-02
  1.58805221e-01 -3.62990618e-01  7.39873409e-01  2.68288463e-01
  8.19231570e-02 -4.13021535e-01 -6.43287152e-02 -9.95200425e-02
  3.68520617e-03 -5.92726111e-01  5.42996943e-01  4.78035748e-01
  2.09039357e-02  1.12963868e-02  2.13868022e-01 -2.30842173e-01
 -1.54327154e-02  1.35588646e-02 -1.55031279e-01  5.66174626e-01
  4.44646105e-02 -4.21429068e-01 -2.73849130e-01  3.72876495e-01
 -5.81946433e-01  4.33120787e-01  1.34615183e-01  2.60110289e-01
 -6.21883273e-01 -4.48784202e-01  4.02206890e-02 -1.51685819e-01
  6.13362432e-01  6.07689798e-01  7.11651802e-01  8.06262612e-01
 -1.20660819e-01  1.96828216e-01  2.19688311e-01  1.33305207e-01
  2.07219467e-01 -4.12571520e-01 -2.62850434e-01 -1.12435468e-01
 -4.98600379e-02 -2.03794718e-01  4.43792880e-01 -9.64308232e-02
  7.23761797e-01 -1.10159598e-01 -6.97850227e-01  2.34417483e-01
  3.36662263e-01  1.85173020e-01  1.28790557e-01 -9.41620022e-02
 -8.52881745e-02  6.99949503e-01 -3.30072522e-01  2.30597183e-01
  6.27800673e-02  6.79081798e-01 -1.91548809e-01 -1.54859424e-02
 -7.23884165e-01  7.53450871e-01  2.83868998e-01 -8.99230391e-02
 -7.72623941e-02 -1.03610437e-02 -4.67619926e-01 -6.16248608e-01
 -2.59867042e-01  1.62765488e-01  5.66074550e-01 -3.85373026e-01
 -2.79091030e-01 -1.82672709e-01  2.35296845e-01  1.19122133e-01
  8.51086061e-03  5.27799129e-01 -3.97809535e-01  8.78606886e-02
 -4.80017066e-02  2.80133095e-02  6.31710514e-03  1.45940825e-01
 -5.16392529e-01  2.01058671e-01 -1.74430519e-01  8.78518000e-02
 -6.59024358e-01  9.20676053e-01 -4.49535728e-01  3.65009576e-01
  5.94724238e-01  3.53213310e-01 -2.12865382e-01 -5.53923309e-01
  6.33009076e-01 -1.37342080e-01  2.38885079e-02 -5.06199658e-01
 -6.09093785e-01  5.89929104e-01 -9.84014720e-02  4.33628261e-01
 -4.58294809e-01 -1.58402920e-01  3.74162823e-01 -3.30268472e-01
  4.32824016e-01 -1.46732354e+00 -7.15778053e-01 -2.13490985e-03
  6.14356101e-01 -4.87256140e-01  6.28155172e-02  1.53389916e-01
  1.49832278e-01  8.17903936e-01 -1.52176663e-01  2.10868716e-01
  4.65530604e-02 -4.61568058e-01  1.29646584e-01  2.00554013e-01
 -8.45442653e-01 -3.93722564e-01 -1.44335970e-01 -1.00820565e+00
  1.04908824e+00 -6.59604892e-02  3.00576150e-01  3.08862105e-02
 -6.40386641e-02  2.95798898e-01  1.03905283e-01  3.61604095e-01
  5.50785847e-02  5.14212787e-01 -6.07807934e-01 -1.90851212e-01
 -4.85623330e-01 -5.90505525e-02  5.09179346e-02 -7.34001398e-01
 -5.96248358e-02 -5.50445974e-01 -5.79948947e-02  5.71907908e-02
 -1.00868434e-01 -6.39868826e-02 -2.63231128e-01  4.20137256e-01
 -1.89644843e-01 -3.64970416e-01 -2.30700746e-01 -2.09120527e-01
  1.10087790e-01 -1.51817173e-01 -4.56932604e-01  2.09295347e-01
 -5.77162921e-01  3.92879725e-01 -4.34157997e-02  2.19902158e-01
  2.91079544e-02 -3.64125133e-01 -4.41842794e-01  5.50100565e-01
  2.51716912e-01  2.77826697e-01  9.36608166e-02  2.47533455e-01
  4.19384807e-01  3.96185100e-01 -2.01578885e-01  5.60180068e-01
 -5.73258139e-02 -5.79852536e-02 -2.12712526e-01  2.58548021e-01
  1.29602358e-01 -1.30438320e-02 -5.31992674e-01  7.70838380e-01
 -9.92298275e-02 -2.28831410e-01  4.63277429e-01  2.92980075e-02
  3.92367542e-01  2.08772019e-01 -3.02888274e-01 -3.63089025e-01
 -7.47002840e-01 -4.93026413e-02  6.01156712e-01 -3.47859263e-01
 -9.80281681e-02 -6.06667511e-02 -5.02780199e-01 -3.15694094e-01
 -3.27110797e-01 -1.70287669e-01 -3.51411372e-01  6.53789043e-01
  3.54302853e-01 -4.48623270e-01  2.16657132e-01  2.25966007e-01
 -5.31194545e-03 -6.01758301e-01  1.28265291e-01  6.52854860e-01
  3.76602352e-01 -5.12329698e-01 -5.70219159e-01 -3.31758082e-01
  3.24486792e-02 -2.69180238e-01  7.39479661e-01 -5.32936931e-01
 -6.94054008e-01  1.44447729e-01  3.58431697e-01  2.02799484e-01
 -6.49024546e-02 -1.82728991e-01 -5.45234501e-01  9.23600420e-02
 -2.74689734e-01 -3.01197208e-02  5.22162795e-01 -6.30845547e-01
 -7.57465720e-01 -7.71002114e-01  2.04865038e-01  1.00027591e-01
  2.40643591e-01  1.36820510e-01 -5.22713922e-02 -7.34706581e-01
 -5.59598684e-01  7.87739992e-01 -5.17864823e-01 -6.95476413e-01
 -1.95673153e-01 -2.64832795e-01 -2.90019393e-01 -1.97342500e-01
  6.01803422e-01 -1.96820945e-01  2.14951277e-01  8.28204751e-02
 -2.62317717e-01 -7.28750110e-01 -4.28539753e-01  2.63454765e-02
 -5.23427606e-01 -4.01097596e-01 -5.03301740e-01 -5.71154021e-02
 -1.09689888e-02 -2.77089566e-01 -3.39021087e-01  2.05468774e-01
 -7.32768059e-01  1.39417499e-01  9.91817713e-01 -2.80163795e-01
 -1.48626417e-01 -4.47176576e-01 -3.92945498e-01  3.49438131e-01
  1.28507972e-01  9.52301770e-02  1.20675646e-01 -2.06973717e-01
  6.25430822e-01 -2.78409958e-01 -1.74675703e-01  2.53759325e-01
  3.41273338e-01  7.61236325e-02  2.53297716e-01 -3.39962721e-01
 -5.86313382e-02 -3.92380089e-01  7.48080760e-02  7.93977261e-01
  7.72461951e-01 -4.72148448e-01 -1.78357840e-01 -3.06883126e-01
 -5.32166541e-01  9.03011441e-01  1.45493299e-01  1.43027762e-02
  2.10908413e-01  4.59083259e-01 -4.58071142e-01  4.76444274e-01
 -8.54106545e-02 -2.25350246e-01 -2.48268723e-01 -5.08903980e-01
 -3.46839905e-01  5.57119131e-01  1.90656528e-01  4.86521840e-01
  3.65004748e-01 -4.36892837e-01 -3.63179684e-01 -1.84606314e-01
  9.00088623e-02  9.03026223e-01  2.22993463e-01 -1.86434254e-01
 -1.30824417e-01  2.63523787e-01 -3.70075516e-02 -3.11329186e-01
 -2.47732207e-01 -4.17936981e-01  1.89974815e-01  3.19943309e-01
  6.57501280e-01 -2.13043630e-01  4.33385134e-01  4.07505035e-01
  6.08230948e-01 -4.22008812e-01 -3.26755792e-01  1.78875998e-01
  1.87056810e-01  1.94705516e-01 -2.22127795e-01  6.67342901e-01
 -5.45267165e-02 -4.95925009e-01  1.13411635e-01  7.64908791e-02
  5.73179245e-01  4.92288888e-01  5.29723391e-02  1.87663093e-01
 -3.33090752e-01  8.64672214e-02  3.00138980e-01 -2.15096927e+00
  2.80974917e-02  3.74691427e-01 -2.01318488e-02 -2.22123921e-01
  6.45313144e-01  1.12645552e-01  3.88366878e-01  3.00599169e-03
 -5.70184827e-01 -4.47311580e-01 -9.93583202e-01  3.52131277e-02
  3.25125694e-01 -4.79236424e-01 -3.72341663e-01  4.63766977e-02
 -5.72531939e-01 -5.67531772e-02  1.61983415e-01 -1.11565304e+00
 -2.23340578e-02 -4.59169626e-01  1.60793245e-01  5.37031651e-01
 -1.03725627e-01  4.24767256e-01 -7.64867812e-02  1.20784841e-01
 -4.10970271e-01 -1.16962358e-01  1.10713124e-01  6.85052335e-01
 -2.81378388e-01  6.91732541e-02 -4.38618362e-01 -3.68148237e-02]",-1,-1
